id,building_id,unit_number,postal_code
ADDRESS_000000001,BUILDING_001,A401,440015
ADDRESS_000000002,BUILDING_005,B403,440015
ADDRESS_000000003,BUILDING_001,A201,440015
ADDRESS_000000004,BUILDING_002,B802,440015
ADDRESS_000000005,BUILDING_001,A201,440015
ADDRESS_000000006,BUILDING_003,C601,440015
ADDRESS_000000007,BUILDING_008,A702,411038
ADDRESS_000000008,BUILDING_007,A1202,440010
ADDRESS_000000009,BUILDING_003,C101,440015
ADDRESS_000000010,BUILDING_007,A604,440010
ADDRESS_000000011,BUILDING_005,B301,440015
ADDRESS_000000012,BUILDING_010,A401,560066
ADDRESS_000000013,BUILDING_010,A1002,560066
ADDRESS_000000014,BUILDING_010,A1303,560066
ADDRESS_000000015,BUILDING_008,A801,411038
ADDRESS_000000016,BUILDING_006,A204,440015
ADDRESS_000000017,BUILDING_008,A602,411038
ADDRESS_000000018,BUILDING_003,C401,440015
ADDRESS_000000019,BUILDING_009,A601,380009
ADDRESS_000000020,BUILDING_007,A401,440010
ADDRESS_000000021,BUILDING_010,A702,560066
ADDRESS_000000022,BUILDING_003,C101,440015
ADDRESS_000000023,BUILDING_005,B604,440015
ADDRESS_000000024,BUILDING_007,A404,440010
ADDRESS_000000025,BUILDING_010,A1301,560066
ADDRESS_000000026,BUILDING_010,A101,560066
ADDRESS_000000027,BUILDING_005,B102,440015
ADDRESS_000000028,BUILDING_001,A101,440015
ADDRESS_000000029,BUILDING_001,A603,440015
ADDRESS_000000030,BUILDING_001,A301,440015
ADDRESS_000000031,BUILDING_009,A401,380009
ADDRESS_000000032,BUILDING_004,A602,440015
ADDRESS_000000033,BUILDING_005,B604,440015
ADDRESS_000000034,BUILDING_005,B504,440015
ADDRESS_000000035,BUILDING_010,A1401,560066
ADDRESS_000000036,BUILDING_003,C701,440015
ADDRESS_000000037,BUILDING_004,A404,440015
ADDRESS_000000038,BUILDING_005,B301,440015
ADDRESS_000000039,BUILDING_002,B101,440015
ADDRESS_000000040,BUILDING_009,A401,380009
ADDRESS_000000041,BUILDING_009,A101,380009
ADDRESS_000000042,BUILDING_002,B804,440015
ADDRESS_000000043,BUILDING_008,A503,411038
ADDRESS_000000044,BUILDING_002,B601,440015
ADDRESS_000000045,BUILDING_004,A104,440015
ADDRESS_000000046,BUILDING_007,A1203,440010
ADDRESS_000000047,BUILDING_005,B102,440015
ADDRESS_000000048,BUILDING_003,C103,440015
ADDRESS_000000049,BUILDING_009,A302,380009
ADDRESS_000000050,BUILDING_008,A804,411038
ADDRESS_000000051,BUILDING_001,A203,440015
ADDRESS_000000052,BUILDING_009,A202,380009
ADDRESS_000000053,BUILDING_002,B801,440015
ADDRESS_000000054,BUILDING_006,A504,440015
ADDRESS_000000055,BUILDING_001,A101,440015
ADDRESS_000000056,BUILDING_002,B602,440015
ADDRESS_000000057,BUILDING_003,C203,440015
ADDRESS_000000058,BUILDING_001,A602,440015
ADDRESS_000000059,BUILDING_006,A501,440015
ADDRESS_000000060,BUILDING_008,A204,411038
ADDRESS_000000061,BUILDING_004,A202,440015
ADDRESS_000000062,BUILDING_004,A404,440015
ADDRESS_000000063,BUILDING_009,A702,380009
ADDRESS_000000064,BUILDING_006,A203,440015
ADDRESS_000000065,BUILDING_008,A202,411038
ADDRESS_000000066,BUILDING_004,A301,440015
ADDRESS_000000067,BUILDING_008,A701,411038
ADDRESS_000000068,BUILDING_003,C703,440015
ADDRESS_000000069,BUILDING_006,A204,440015
ADDRESS_000000070,BUILDING_005,B303,440015
ADDRESS_000000071,BUILDING_010,A704,560066
ADDRESS_000000072,BUILDING_002,B804,440015
ADDRESS_000000073,BUILDING_001,A101,440015
ADDRESS_000000074,BUILDING_006,A202,440015
ADDRESS_000000075,BUILDING_001,A604,440015
ADDRESS_000000076,BUILDING_006,A403,440015
ADDRESS_000000077,BUILDING_010,A701,560066
ADDRESS_000000078,BUILDING_003,C403,440015
ADDRESS_000000079,BUILDING_007,A1004,440010
ADDRESS_000000080,BUILDING_010,A803,560066
ADDRESS_000000081,BUILDING_006,A802,440015
ADDRESS_000000082,BUILDING_008,A304,411038
ADDRESS_000000083,BUILDING_008,A302,411038
ADDRESS_000000084,BUILDING_004,A402,440015
ADDRESS_000000085,BUILDING_005,B103,440015
ADDRESS_000000086,BUILDING_010,A1102,560066
ADDRESS_000000087,BUILDING_004,A301,440015
ADDRESS_000000088,BUILDING_007,A1001,440010
ADDRESS_000000089,BUILDING_010,A303,560066
ADDRESS_000000090,BUILDING_005,B103,440015
ADDRESS_000000091,BUILDING_009,A702,380009
ADDRESS_000000092,BUILDING_003,C804,440015
ADDRESS_000000093,BUILDING_002,B203,440015
ADDRESS_000000094,BUILDING_009,A201,380009
ADDRESS_000000095,BUILDING_003,C201,440015
ADDRESS_000000096,BUILDING_002,B801,440015
ADDRESS_000000097,BUILDING_003,C703,440015
ADDRESS_000000098,BUILDING_002,B503,440015
ADDRESS_000000099,BUILDING_004,A603,440015
ADDRESS_000000100,BUILDING_007,A203,440010
ADDRESS_000000101,BUILDING_006,A303,440015
ADDRESS_000000102,BUILDING_009,A304,380009
ADDRESS_000000103,BUILDING_004,A504,440015
ADDRESS_000000104,BUILDING_007,A403,440010
ADDRESS_000000105,BUILDING_001,A504,440015
ADDRESS_000000106,BUILDING_010,A601,560066
ADDRESS_000000107,BUILDING_009,A1003,380009
ADDRESS_000000108,BUILDING_007,A604,440010
ADDRESS_000000109,BUILDING_001,A803,440015
ADDRESS_000000110,BUILDING_008,A604,411038
ADDRESS_000000111,BUILDING_001,A801,440015
ADDRESS_000000112,BUILDING_009,A1002,380009
ADDRESS_000000113,BUILDING_003,C504,440015
ADDRESS_000000114,BUILDING_007,A804,440010
ADDRESS_000000115,BUILDING_004,A203,440015
ADDRESS_000000116,BUILDING_007,A1203,440010
ADDRESS_000000117,BUILDING_008,A403,411038
ADDRESS_000000118,BUILDING_006,A1002,440015
ADDRESS_000000119,BUILDING_001,A703,440015
ADDRESS_000000120,BUILDING_005,B401,440015
ADDRESS_000000121,BUILDING_001,A502,440015
ADDRESS_000000122,BUILDING_007,A303,440010
ADDRESS_000000123,BUILDING_008,A302,411038
ADDRESS_000000124,BUILDING_010,A1504,560066
ADDRESS_000000125,BUILDING_004,A104,440015
ADDRESS_000000126,BUILDING_008,A603,411038
ADDRESS_000000127,BUILDING_001,A501,440015
ADDRESS_000000128,BUILDING_004,A101,440015
ADDRESS_000000129,BUILDING_003,C201,440015
ADDRESS_000000130,BUILDING_009,A1003,380009
ADDRESS_000000131,BUILDING_001,A401,440015
ADDRESS_000000132,BUILDING_007,A601,440010
ADDRESS_000000133,BUILDING_010,A502,560066
ADDRESS_000000134,BUILDING_004,A302,440015
ADDRESS_000000135,BUILDING_005,B602,440015
ADDRESS_000000136,BUILDING_007,A504,440010
ADDRESS_000000137,BUILDING_003,C504,440015
ADDRESS_000000138,BUILDING_005,B303,440015
ADDRESS_000000139,BUILDING_002,B101,440015
ADDRESS_000000140,BUILDING_009,A303,380009
ADDRESS_000000141,BUILDING_005,B403,440015
ADDRESS_000000142,BUILDING_006,A101,440015
ADDRESS_000000143,BUILDING_010,A1504,560066
ADDRESS_000000144,BUILDING_001,A703,440015
ADDRESS_000000145,BUILDING_002,B804,440015
ADDRESS_000000146,BUILDING_004,A203,440015
ADDRESS_000000147,BUILDING_007,A1203,440010
ADDRESS_000000148,BUILDING_007,A1202,440010
ADDRESS_000000149,BUILDING_005,B403,440015
ADDRESS_000000150,BUILDING_001,A103,440015
ADDRESS_000000151,BUILDING_007,A401,440010
ADDRESS_000000152,BUILDING_001,A602,440015
ADDRESS_000000153,BUILDING_009,A302,380009
ADDRESS_000000154,BUILDING_008,A202,411038
ADDRESS_000000155,BUILDING_003,C104,440015
ADDRESS_000000156,BUILDING_008,A302,411038
ADDRESS_000000157,BUILDING_006,A302,440015
ADDRESS_000000158,BUILDING_010,A304,560066
ADDRESS_000000159,BUILDING_009,A704,380009
ADDRESS_000000160,BUILDING_003,C404,440015
ADDRESS_000000161,BUILDING_001,A604,440015
ADDRESS_000000162,BUILDING_010,A1501,560066
ADDRESS_000000163,BUILDING_005,B404,440015
ADDRESS_000000164,BUILDING_005,B401,440015
ADDRESS_000000165,BUILDING_010,A1301,560066
ADDRESS_000000166,BUILDING_005,B101,440015
ADDRESS_000000167,BUILDING_001,A403,440015
ADDRESS_000000168,BUILDING_009,A603,380009
ADDRESS_000000169,BUILDING_002,B703,440015
ADDRESS_000000170,BUILDING_009,A302,380009
ADDRESS_000000171,BUILDING_009,A703,380009
ADDRESS_000000172,BUILDING_001,A601,440015
ADDRESS_000000173,BUILDING_005,B202,440015
ADDRESS_000000174,BUILDING_003,C201,440015
ADDRESS_000000175,BUILDING_002,B203,440015
ADDRESS_000000176,BUILDING_009,A504,380009
ADDRESS_000000177,BUILDING_007,A1203,440010
ADDRESS_000000178,BUILDING_007,A104,440010
ADDRESS_000000179,BUILDING_001,A502,440015
ADDRESS_000000180,BUILDING_002,B103,440015
ADDRESS_000000181,BUILDING_002,B204,440015
ADDRESS_000000182,BUILDING_004,A303,440015
ADDRESS_000000183,BUILDING_007,A701,440010
ADDRESS_000000184,BUILDING_007,A301,440010
ADDRESS_000000185,BUILDING_004,A502,440015
ADDRESS_000000186,BUILDING_006,A601,440015
ADDRESS_000000187,BUILDING_002,B302,440015
ADDRESS_000000188,BUILDING_005,B202,440015
ADDRESS_000000189,BUILDING_007,A902,440010
ADDRESS_000000190,BUILDING_003,C604,440015
ADDRESS_000000191,BUILDING_001,A601,440015
ADDRESS_000000192,BUILDING_001,A202,440015
ADDRESS_000000193,BUILDING_004,A201,440015
ADDRESS_000000194,BUILDING_004,A602,440015
ADDRESS_000000195,BUILDING_005,B403,440015
ADDRESS_000000196,BUILDING_003,C301,440015
ADDRESS_000000197,BUILDING_010,A1402,560066
ADDRESS_000000198,BUILDING_004,A201,440015
ADDRESS_000000199,BUILDING_004,A502,440015
ADDRESS_000000200,BUILDING_004,A503,440015
ADDRESS_000000201,BUILDING_007,A103,440010
ADDRESS_000000202,BUILDING_004,A301,440015
ADDRESS_000000203,BUILDING_004,A103,440015
ADDRESS_000000204,BUILDING_004,A501,440015
ADDRESS_000000205,BUILDING_003,C804,440015
ADDRESS_000000206,BUILDING_010,A601,560066
ADDRESS_000000207,BUILDING_003,C402,440015
ADDRESS_000000208,BUILDING_009,A303,380009
ADDRESS_000000209,BUILDING_001,A502,440015
ADDRESS_000000210,BUILDING_006,A303,440015
ADDRESS_000000211,BUILDING_010,A1304,560066
ADDRESS_000000212,BUILDING_009,A504,380009
ADDRESS_000000213,BUILDING_009,A803,380009
ADDRESS_000000214,BUILDING_001,A702,440015
ADDRESS_000000215,BUILDING_002,B103,440015
ADDRESS_000000216,BUILDING_006,A303,440015
ADDRESS_000000217,BUILDING_010,A1001,560066
ADDRESS_000000218,BUILDING_010,A103,560066
ADDRESS_000000219,BUILDING_005,B603,440015
ADDRESS_000000220,BUILDING_009,A703,380009
ADDRESS_000000221,BUILDING_003,C501,440015
ADDRESS_000000222,BUILDING_005,B202,440015
ADDRESS_000000223,BUILDING_009,A404,380009
ADDRESS_000000224,BUILDING_007,A503,440010
ADDRESS_000000225,BUILDING_006,A501,440015
ADDRESS_000000226,BUILDING_005,B601,440015
ADDRESS_000000227,BUILDING_008,A201,411038
ADDRESS_000000228,BUILDING_003,C702,440015
ADDRESS_000000229,BUILDING_005,B601,440015
ADDRESS_000000230,BUILDING_007,A204,440010
ADDRESS_000000231,BUILDING_002,B102,440015
ADDRESS_000000232,BUILDING_006,A704,440015
ADDRESS_000000233,BUILDING_007,A501,440010
ADDRESS_000000234,BUILDING_006,A701,440015
ADDRESS_000000235,BUILDING_009,A302,380009
ADDRESS_000000236,BUILDING_007,A901,440010
ADDRESS_000000237,BUILDING_001,A802,440015
ADDRESS_000000238,BUILDING_003,C101,440015
ADDRESS_000000239,BUILDING_005,B502,440015
ADDRESS_000000240,BUILDING_003,C803,440015
ADDRESS_000000241,BUILDING_002,B701,440015
ADDRESS_000000242,BUILDING_001,A102,440015
ADDRESS_000000243,BUILDING_005,B504,440015
ADDRESS_000000244,BUILDING_004,A602,440015
ADDRESS_000000245,BUILDING_006,A103,440015
ADDRESS_000000246,BUILDING_009,A202,380009
ADDRESS_000000247,BUILDING_008,A503,411038
ADDRESS_000000248,BUILDING_001,A402,440015
ADDRESS_000000249,BUILDING_003,C502,440015
ADDRESS_000000250,BUILDING_006,A704,440015
ADDRESS_000000251,BUILDING_009,A704,380009
ADDRESS_000000252,BUILDING_006,A404,440015
ADDRESS_000000253,BUILDING_007,A501,440010
ADDRESS_000000254,BUILDING_001,A801,440015
ADDRESS_000000255,BUILDING_007,A1204,440010
ADDRESS_000000256,BUILDING_004,A504,440015
ADDRESS_000000257,BUILDING_003,C202,440015
ADDRESS_000000258,BUILDING_010,A804,560066
ADDRESS_000000259,BUILDING_010,A1104,560066
ADDRESS_000000260,BUILDING_005,B204,440015
ADDRESS_000000261,BUILDING_008,A201,411038
ADDRESS_000000262,BUILDING_005,B601,440015
ADDRESS_000000263,BUILDING_003,C603,440015
ADDRESS_000000264,BUILDING_003,C503,440015
ADDRESS_000000265,BUILDING_001,A301,440015
ADDRESS_000000266,BUILDING_010,A804,560066
ADDRESS_000000267,BUILDING_009,A1003,380009
ADDRESS_000000268,BUILDING_004,A403,440015
ADDRESS_000000269,BUILDING_008,A202,411038
ADDRESS_000000270,BUILDING_001,A301,440015
ADDRESS_000000271,BUILDING_009,A501,380009
ADDRESS_000000272,BUILDING_002,B701,440015
ADDRESS_000000273,BUILDING_006,A1003,440015
ADDRESS_000000274,BUILDING_004,A604,440015
ADDRESS_000000275,BUILDING_004,A402,440015
ADDRESS_000000276,BUILDING_006,A702,440015
ADDRESS_000000277,BUILDING_002,B202,440015
ADDRESS_000000278,BUILDING_008,A504,411038
ADDRESS_000000279,BUILDING_008,A201,411038
ADDRESS_000000280,BUILDING_010,A502,560066
ADDRESS_000000281,BUILDING_001,A503,440015
ADDRESS_000000282,BUILDING_001,A501,440015
ADDRESS_000000283,BUILDING_002,B603,440015
ADDRESS_000000284,BUILDING_007,A704,440010
ADDRESS_000000285,BUILDING_009,A603,380009
ADDRESS_000000286,BUILDING_001,A504,440015
ADDRESS_000000287,BUILDING_004,A203,440015
ADDRESS_000000288,BUILDING_004,A301,440015
ADDRESS_000000289,BUILDING_003,C804,440015
ADDRESS_000000290,BUILDING_002,B801,440015
ADDRESS_000000291,BUILDING_009,A603,380009
ADDRESS_000000292,BUILDING_009,A401,380009
ADDRESS_000000293,BUILDING_005,B403,440015
ADDRESS_000000294,BUILDING_009,A102,380009
ADDRESS_000000295,BUILDING_010,A1004,560066
ADDRESS_000000296,BUILDING_001,A201,440015
ADDRESS_000000297,BUILDING_008,A601,411038
ADDRESS_000000298,BUILDING_007,A1201,440010
ADDRESS_000000299,BUILDING_002,B301,440015
ADDRESS_000000300,BUILDING_004,A202,440015
ADDRESS_000000301,BUILDING_002,B203,440015
ADDRESS_000000302,BUILDING_004,A503,440015
ADDRESS_000000303,BUILDING_005,B201,440015
ADDRESS_000000304,BUILDING_007,A1004,440010
ADDRESS_000000305,BUILDING_001,A204,440015
ADDRESS_000000306,BUILDING_007,A702,440010
ADDRESS_000000307,BUILDING_008,A302,411038
ADDRESS_000000308,BUILDING_001,A603,440015
ADDRESS_000000309,BUILDING_005,B102,440015
ADDRESS_000000310,BUILDING_001,A103,440015
ADDRESS_000000311,BUILDING_009,A901,380009
ADDRESS_000000312,BUILDING_009,A804,380009
ADDRESS_000000313,BUILDING_006,A203,440015
ADDRESS_000000314,BUILDING_008,A204,411038
ADDRESS_000000315,BUILDING_004,A501,440015
ADDRESS_000000316,BUILDING_010,A1101,560066
ADDRESS_000000317,BUILDING_001,A604,440015
ADDRESS_000000318,BUILDING_010,A801,560066
ADDRESS_000000319,BUILDING_010,A1303,560066
ADDRESS_000000320,BUILDING_002,B101,440015
ADDRESS_000000321,BUILDING_009,A703,380009
ADDRESS_000000322,BUILDING_008,A801,411038
ADDRESS_000000323,BUILDING_005,B303,440015
ADDRESS_000000324,BUILDING_007,A1001,440010
ADDRESS_000000325,BUILDING_003,C104,440015
ADDRESS_000000326,BUILDING_005,B201,440015
ADDRESS_000000327,BUILDING_007,A1102,440010
ADDRESS_000000328,BUILDING_007,A902,440010
ADDRESS_000000329,BUILDING_009,A1003,380009
ADDRESS_000000330,BUILDING_002,B601,440015
ADDRESS_000000331,BUILDING_007,A602,440010
ADDRESS_000000332,BUILDING_001,A704,440015
ADDRESS_000000333,BUILDING_003,C604,440015
ADDRESS_000000334,BUILDING_002,B402,440015
ADDRESS_000000335,BUILDING_010,A1404,560066
ADDRESS_000000336,BUILDING_008,A302,411038
ADDRESS_000000337,BUILDING_002,B802,440015
ADDRESS_000000338,BUILDING_009,A1003,380009
ADDRESS_000000339,BUILDING_002,B601,440015
ADDRESS_000000340,BUILDING_001,A201,440015
ADDRESS_000000341,BUILDING_009,A502,380009
ADDRESS_000000342,BUILDING_008,A104,411038
ADDRESS_000000343,BUILDING_010,A801,560066
ADDRESS_000000344,BUILDING_007,A501,440010
ADDRESS_000000345,BUILDING_006,A504,440015
ADDRESS_000000346,BUILDING_007,A301,440010
ADDRESS_000000347,BUILDING_006,A502,440015
ADDRESS_000000348,BUILDING_007,A104,440010
ADDRESS_000000349,BUILDING_004,A402,440015
ADDRESS_000000350,BUILDING_002,B203,440015
ADDRESS_000000351,BUILDING_010,A904,560066
ADDRESS_000000352,BUILDING_009,A401,380009
ADDRESS_000000353,BUILDING_006,A203,440015
ADDRESS_000000354,BUILDING_008,A502,411038
ADDRESS_000000355,BUILDING_005,B604,440015
ADDRESS_000000356,BUILDING_009,A804,380009
ADDRESS_000000357,BUILDING_007,A703,440010
ADDRESS_000000358,BUILDING_009,A201,380009
ADDRESS_000000359,BUILDING_008,A503,411038
ADDRESS_000000360,BUILDING_003,C301,440015
ADDRESS_000000361,BUILDING_003,C503,440015
ADDRESS_000000362,BUILDING_006,A801,440015
ADDRESS_000000363,BUILDING_004,A503,440015
ADDRESS_000000364,BUILDING_002,B203,440015
ADDRESS_000000365,BUILDING_009,A703,380009
ADDRESS_000000366,BUILDING_008,A402,411038
ADDRESS_000000367,BUILDING_005,B202,440015
ADDRESS_000000368,BUILDING_006,A904,440015
ADDRESS_000000369,BUILDING_003,C202,440015
ADDRESS_000000370,BUILDING_007,A502,440010
ADDRESS_000000371,BUILDING_009,A703,380009
ADDRESS_000000372,BUILDING_007,A704,440010
ADDRESS_000000373,BUILDING_006,A402,440015
ADDRESS_000000374,BUILDING_009,A803,380009
ADDRESS_000000375,BUILDING_001,A404,440015
ADDRESS_000000376,BUILDING_010,A403,560066
ADDRESS_000000377,BUILDING_008,A503,411038
ADDRESS_000000378,BUILDING_008,A404,411038
ADDRESS_000000379,BUILDING_003,C701,440015
ADDRESS_000000380,BUILDING_002,B102,440015
ADDRESS_000000381,BUILDING_003,C303,440015
ADDRESS_000000382,BUILDING_010,A502,560066
ADDRESS_000000383,BUILDING_005,B203,440015
ADDRESS_000000384,BUILDING_007,A503,440010
ADDRESS_000000385,BUILDING_004,A304,440015
ADDRESS_000000386,BUILDING_006,A801,440015
ADDRESS_000000387,BUILDING_007,A102,440010
ADDRESS_000000388,BUILDING_007,A501,440010
ADDRESS_000000389,BUILDING_006,A201,440015
ADDRESS_000000390,BUILDING_006,A704,440015
ADDRESS_000000391,BUILDING_010,A304,560066
ADDRESS_000000392,BUILDING_008,A101,411038
ADDRESS_000000393,BUILDING_005,B502,440015
ADDRESS_000000394,BUILDING_008,A704,411038
ADDRESS_000000395,BUILDING_008,A703,411038
ADDRESS_000000396,BUILDING_007,A901,440010
ADDRESS_000000397,BUILDING_005,B103,440015
ADDRESS_000000398,BUILDING_004,A304,440015
ADDRESS_000000399,BUILDING_005,B303,440015
ADDRESS_000000400,BUILDING_001,A302,440015
ADDRESS_000000401,BUILDING_005,B303,440015
ADDRESS_000000402,BUILDING_008,A203,411038
ADDRESS_000000403,BUILDING_001,A101,440015
ADDRESS_000000404,BUILDING_003,C704,440015
ADDRESS_000000405,BUILDING_010,A904,560066
ADDRESS_000000406,BUILDING_007,A103,440010
ADDRESS_000000407,BUILDING_004,A504,440015
ADDRESS_000000408,BUILDING_005,B202,440015
ADDRESS_000000409,BUILDING_004,A302,440015
ADDRESS_000000410,BUILDING_007,A902,440010
ADDRESS_000000411,BUILDING_006,A301,440015
ADDRESS_000000412,BUILDING_007,A1003,440010
ADDRESS_000000413,BUILDING_007,A904,440010
ADDRESS_000000414,BUILDING_009,A501,380009
ADDRESS_000000415,BUILDING_007,A101,440010
ADDRESS_000000416,BUILDING_009,A501,380009
ADDRESS_000000417,BUILDING_003,C103,440015
ADDRESS_000000418,BUILDING_005,B304,440015
ADDRESS_000000419,BUILDING_010,A203,560066
ADDRESS_000000420,BUILDING_007,A801,440010
ADDRESS_000000421,BUILDING_001,A704,440015
ADDRESS_000000422,BUILDING_006,A904,440015
ADDRESS_000000423,BUILDING_010,A1201,560066
ADDRESS_000000424,BUILDING_005,B502,440015
ADDRESS_000000425,BUILDING_009,A204,380009
ADDRESS_000000426,BUILDING_001,A501,440015
ADDRESS_000000427,BUILDING_004,A202,440015
ADDRESS_000000428,BUILDING_005,B503,440015
ADDRESS_000000429,BUILDING_004,A402,440015
ADDRESS_000000430,BUILDING_006,A702,440015
ADDRESS_000000431,BUILDING_005,B204,440015
ADDRESS_000000432,BUILDING_008,A702,411038
ADDRESS_000000433,BUILDING_008,A101,411038
ADDRESS_000000434,BUILDING_002,B203,440015
ADDRESS_000000435,BUILDING_007,A301,440010
ADDRESS_000000436,BUILDING_004,A204,440015
ADDRESS_000000437,BUILDING_008,A404,411038
ADDRESS_000000438,BUILDING_005,B604,440015
ADDRESS_000000439,BUILDING_008,A604,411038
ADDRESS_000000440,BUILDING_007,A602,440010
ADDRESS_000000441,BUILDING_007,A604,440010
ADDRESS_000000442,BUILDING_007,A104,440010
ADDRESS_000000443,BUILDING_006,A101,440015
ADDRESS_000000444,BUILDING_008,A703,411038
ADDRESS_000000445,BUILDING_003,C603,440015
ADDRESS_000000446,BUILDING_005,B303,440015
ADDRESS_000000447,BUILDING_008,A303,411038
ADDRESS_000000448,BUILDING_004,A602,440015
ADDRESS_000000449,BUILDING_002,B703,440015
ADDRESS_000000450,BUILDING_008,A702,411038
ADDRESS_000000451,BUILDING_007,A904,440010
ADDRESS_000000452,BUILDING_003,C704,440015
ADDRESS_000000453,BUILDING_010,A503,560066
ADDRESS_000000454,BUILDING_002,B301,440015
ADDRESS_000000455,BUILDING_005,B601,440015
ADDRESS_000000456,BUILDING_005,B301,440015
ADDRESS_000000457,BUILDING_009,A703,380009
ADDRESS_000000458,BUILDING_006,A502,440015
ADDRESS_000000459,BUILDING_009,A801,380009
ADDRESS_000000460,BUILDING_009,A1003,380009
ADDRESS_000000461,BUILDING_006,A601,440015
ADDRESS_000000462,BUILDING_007,A201,440010
ADDRESS_000000463,BUILDING_001,A404,440015
ADDRESS_000000464,BUILDING_001,A401,440015
ADDRESS_000000465,BUILDING_005,B202,440015
ADDRESS_000000466,BUILDING_005,B304,440015
ADDRESS_000000467,BUILDING_008,A601,411038
ADDRESS_000000468,BUILDING_007,A1003,440010
ADDRESS_000000469,BUILDING_002,B302,440015
ADDRESS_000000470,BUILDING_003,C403,440015
ADDRESS_000000471,BUILDING_005,B402,440015
ADDRESS_000000472,BUILDING_006,A502,440015
ADDRESS_000000473,BUILDING_009,A504,380009
ADDRESS_000000474,BUILDING_008,A203,411038
ADDRESS_000000475,BUILDING_004,A501,440015
ADDRESS_000000476,BUILDING_005,B601,440015
ADDRESS_000000477,BUILDING_009,A1004,380009
ADDRESS_000000478,BUILDING_008,A701,411038
ADDRESS_000000479,BUILDING_006,A202,440015
ADDRESS_000000480,BUILDING_006,A304,440015
ADDRESS_000000481,BUILDING_008,A103,411038
ADDRESS_000000482,BUILDING_002,B203,440015
ADDRESS_000000483,BUILDING_010,A1302,560066
ADDRESS_000000484,BUILDING_004,A604,440015
ADDRESS_000000485,BUILDING_009,A102,380009
ADDRESS_000000486,BUILDING_010,A1503,560066
ADDRESS_000000487,BUILDING_007,A1203,440010
ADDRESS_000000488,BUILDING_006,A804,440015
ADDRESS_000000489,BUILDING_002,B202,440015
ADDRESS_000000490,BUILDING_005,B304,440015
ADDRESS_000000491,BUILDING_008,A801,411038
ADDRESS_000000492,BUILDING_010,A502,560066
ADDRESS_000000493,BUILDING_009,A801,380009
ADDRESS_000000494,BUILDING_006,A304,440015
ADDRESS_000000495,BUILDING_007,A1002,440010
ADDRESS_000000496,BUILDING_002,B202,440015
ADDRESS_000000497,BUILDING_003,C603,440015
ADDRESS_000000498,BUILDING_008,A202,411038
ADDRESS_000000499,BUILDING_002,B503,440015
ADDRESS_000000500,BUILDING_007,A804,440010
ADDRESS_000000501,BUILDING_003,C803,440015
ADDRESS_000000502,BUILDING_002,B303,440015
ADDRESS_000000503,BUILDING_003,C303,440015
ADDRESS_000000504,BUILDING_006,A604,440015
ADDRESS_000000505,BUILDING_002,B404,440015
ADDRESS_000000506,BUILDING_009,A103,380009
ADDRESS_000000507,BUILDING_010,A503,560066
ADDRESS_000000508,BUILDING_004,A301,440015
ADDRESS_000000509,BUILDING_003,C104,440015
ADDRESS_000000510,BUILDING_004,A504,440015
ADDRESS_000000511,BUILDING_001,A601,440015
ADDRESS_000000512,BUILDING_004,A104,440015
ADDRESS_000000513,BUILDING_010,A301,560066
ADDRESS_000000514,BUILDING_007,A102,440010
ADDRESS_000000515,BUILDING_004,A303,440015
ADDRESS_000000516,BUILDING_005,B201,440015
ADDRESS_000000517,BUILDING_002,B703,440015
ADDRESS_000000518,BUILDING_002,B402,440015
ADDRESS_000000519,BUILDING_001,A602,440015
ADDRESS_000000520,BUILDING_004,A402,440015
ADDRESS_000000521,BUILDING_010,A1501,560066
ADDRESS_000000522,BUILDING_003,C304,440015
ADDRESS_000000523,BUILDING_002,B801,440015
ADDRESS_000000524,BUILDING_008,A601,411038
ADDRESS_000000525,BUILDING_002,B503,440015
ADDRESS_000000526,BUILDING_007,A203,440010
ADDRESS_000000527,BUILDING_010,A1204,560066
ADDRESS_000000528,BUILDING_005,B203,440015
ADDRESS_000000529,BUILDING_001,A201,440015
ADDRESS_000000530,BUILDING_002,B301,440015
ADDRESS_000000531,BUILDING_004,A203,440015
ADDRESS_000000532,BUILDING_009,A404,380009
ADDRESS_000000533,BUILDING_010,A601,560066
ADDRESS_000000534,BUILDING_002,B404,440015
ADDRESS_000000535,BUILDING_007,A101,440010
ADDRESS_000000536,BUILDING_006,A204,440015
ADDRESS_000000537,BUILDING_005,B301,440015
ADDRESS_000000538,BUILDING_003,C201,440015
ADDRESS_000000539,BUILDING_001,A804,440015
ADDRESS_000000540,BUILDING_001,A402,440015
ADDRESS_000000541,BUILDING_003,C203,440015
ADDRESS_000000542,BUILDING_003,C603,440015
ADDRESS_000000543,BUILDING_004,A301,440015
ADDRESS_000000544,BUILDING_008,A202,411038
ADDRESS_000000545,BUILDING_007,A803,440010
ADDRESS_000000546,BUILDING_007,A403,440010
ADDRESS_000000547,BUILDING_005,B204,440015
ADDRESS_000000548,BUILDING_006,A203,440015
ADDRESS_000000549,BUILDING_008,A303,411038
ADDRESS_000000550,BUILDING_007,A503,440010
ADDRESS_000000551,BUILDING_007,A1102,440010
ADDRESS_000000552,BUILDING_010,A1204,560066
ADDRESS_000000553,BUILDING_008,A303,411038
ADDRESS_000000554,BUILDING_009,A502,380009
ADDRESS_000000555,BUILDING_001,A703,440015
ADDRESS_000000556,BUILDING_010,A701,560066
ADDRESS_000000557,BUILDING_010,A604,560066
ADDRESS_000000558,BUILDING_003,C801,440015
ADDRESS_000000559,BUILDING_008,A303,411038
ADDRESS_000000560,BUILDING_004,A101,440015
ADDRESS_000000561,BUILDING_003,C401,440015
ADDRESS_000000562,BUILDING_007,A1202,440010
ADDRESS_000000563,BUILDING_003,C302,440015
ADDRESS_000000564,BUILDING_007,A1202,440010
ADDRESS_000000565,BUILDING_008,A403,411038
ADDRESS_000000566,BUILDING_003,C204,440015
ADDRESS_000000567,BUILDING_005,B604,440015
ADDRESS_000000568,BUILDING_007,A601,440010
ADDRESS_000000569,BUILDING_010,A603,560066
ADDRESS_000000570,BUILDING_004,A204,440015
ADDRESS_000000571,BUILDING_005,B102,440015
ADDRESS_000000572,BUILDING_009,A604,380009
ADDRESS_000000573,BUILDING_007,A904,440010
ADDRESS_000000574,BUILDING_010,A102,560066
ADDRESS_000000575,BUILDING_010,A404,560066
ADDRESS_000000576,BUILDING_006,A402,440015
ADDRESS_000000577,BUILDING_002,B202,440015
ADDRESS_000000578,BUILDING_002,B702,440015
ADDRESS_000000579,BUILDING_005,B101,440015
ADDRESS_000000580,BUILDING_009,A302,380009
ADDRESS_000000581,BUILDING_010,A502,560066
ADDRESS_000000582,BUILDING_007,A402,440010
ADDRESS_000000583,BUILDING_002,B602,440015
ADDRESS_000000584,BUILDING_005,B404,440015
ADDRESS_000000585,BUILDING_007,A303,440010
ADDRESS_000000586,BUILDING_002,B102,440015
ADDRESS_000000587,BUILDING_004,A504,440015
ADDRESS_000000588,BUILDING_007,A201,440010
ADDRESS_000000589,BUILDING_002,B303,440015
ADDRESS_000000590,BUILDING_001,A304,440015
ADDRESS_000000591,BUILDING_003,C802,440015
ADDRESS_000000592,BUILDING_007,A604,440010
ADDRESS_000000593,BUILDING_010,A903,560066
ADDRESS_000000594,BUILDING_001,A701,440015
ADDRESS_000000595,BUILDING_006,A103,440015
ADDRESS_000000596,BUILDING_006,A203,440015
ADDRESS_000000597,BUILDING_003,C502,440015
ADDRESS_000000598,BUILDING_009,A1002,380009
ADDRESS_000000599,BUILDING_004,A303,440015
ADDRESS_000000600,BUILDING_007,A804,440010
ADDRESS_000000601,BUILDING_005,B401,440015
ADDRESS_000000602,BUILDING_001,A702,440015
ADDRESS_000000603,BUILDING_002,B104,440015
ADDRESS_000000604,BUILDING_003,C404,440015
ADDRESS_000000605,BUILDING_009,A1003,380009
ADDRESS_000000606,BUILDING_009,A402,380009
ADDRESS_000000607,BUILDING_009,A202,380009
ADDRESS_000000608,BUILDING_009,A903,380009
ADDRESS_000000609,BUILDING_002,B102,440015
ADDRESS_000000610,BUILDING_007,A1101,440010
ADDRESS_000000611,BUILDING_010,A1303,560066
ADDRESS_000000612,BUILDING_003,C703,440015
ADDRESS_000000613,BUILDING_002,B204,440015
ADDRESS_000000614,BUILDING_005,B201,440015
ADDRESS_000000615,BUILDING_004,A201,440015
ADDRESS_000000616,BUILDING_005,B103,440015
ADDRESS_000000617,BUILDING_002,B301,440015
ADDRESS_000000618,BUILDING_010,A702,560066
ADDRESS_000000619,BUILDING_003,C602,440015
ADDRESS_000000620,BUILDING_004,A302,440015
ADDRESS_000000621,BUILDING_003,C204,440015
ADDRESS_000000622,BUILDING_006,A904,440015
ADDRESS_000000623,BUILDING_007,A104,440010
ADDRESS_000000624,BUILDING_006,A803,440015
ADDRESS_000000625,BUILDING_009,A204,380009
ADDRESS_000000626,BUILDING_004,A502,440015
ADDRESS_000000627,BUILDING_003,C801,440015
ADDRESS_000000628,BUILDING_006,A902,440015
ADDRESS_000000629,BUILDING_002,B803,440015
ADDRESS_000000630,BUILDING_009,A901,380009
ADDRESS_000000631,BUILDING_004,A504,440015
ADDRESS_000000632,BUILDING_006,A204,440015
ADDRESS_000000633,BUILDING_005,B203,440015
ADDRESS_000000634,BUILDING_003,C402,440015
ADDRESS_000000635,BUILDING_010,A1204,560066
ADDRESS_000000636,BUILDING_003,C702,440015
ADDRESS_000000637,BUILDING_006,A601,440015
ADDRESS_000000638,BUILDING_010,A902,560066
ADDRESS_000000639,BUILDING_008,A501,411038
ADDRESS_000000640,BUILDING_005,B301,440015
ADDRESS_000000641,BUILDING_004,A604,440015
ADDRESS_000000642,BUILDING_002,B502,440015
ADDRESS_000000643,BUILDING_002,B401,440015
ADDRESS_000000644,BUILDING_007,A1104,440010
ADDRESS_000000645,BUILDING_002,B204,440015
ADDRESS_000000646,BUILDING_008,A604,411038
ADDRESS_000000647,BUILDING_001,A601,440015
ADDRESS_000000648,BUILDING_010,A1501,560066
ADDRESS_000000649,BUILDING_004,A201,440015
ADDRESS_000000650,BUILDING_004,A402,440015
ADDRESS_000000651,BUILDING_006,A1002,440015
ADDRESS_000000652,BUILDING_009,A602,380009
ADDRESS_000000653,BUILDING_009,A202,380009
ADDRESS_000000654,BUILDING_005,B304,440015
ADDRESS_000000655,BUILDING_008,A302,411038
ADDRESS_000000656,BUILDING_009,A904,380009
ADDRESS_000000657,BUILDING_008,A504,411038
ADDRESS_000000658,BUILDING_005,B501,440015
ADDRESS_000000659,BUILDING_005,B301,440015
ADDRESS_000000660,BUILDING_009,A1002,380009
ADDRESS_000000661,BUILDING_002,B702,440015
ADDRESS_000000662,BUILDING_006,A402,440015
ADDRESS_000000663,BUILDING_001,A301,440015
ADDRESS_000000664,BUILDING_009,A604,380009
ADDRESS_000000665,BUILDING_003,C301,440015
ADDRESS_000000666,BUILDING_009,A204,380009
ADDRESS_000000667,BUILDING_008,A401,411038
ADDRESS_000000668,BUILDING_006,A602,440015
ADDRESS_000000669,BUILDING_007,A801,440010
ADDRESS_000000670,BUILDING_001,A104,440015
ADDRESS_000000671,BUILDING_002,B404,440015
ADDRESS_000000672,BUILDING_008,A502,411038
ADDRESS_000000673,BUILDING_002,B501,440015
ADDRESS_000000674,BUILDING_001,A403,440015
ADDRESS_000000675,BUILDING_004,A604,440015
ADDRESS_000000676,BUILDING_002,B503,440015
ADDRESS_000000677,BUILDING_003,C401,440015
ADDRESS_000000678,BUILDING_010,A1301,560066
ADDRESS_000000679,BUILDING_010,A104,560066
ADDRESS_000000680,BUILDING_002,B203,440015
ADDRESS_000000681,BUILDING_009,A602,380009
ADDRESS_000000682,BUILDING_009,A703,380009
ADDRESS_000000683,BUILDING_006,A103,440015
ADDRESS_000000684,BUILDING_006,A403,440015
ADDRESS_000000685,BUILDING_007,A603,440010
ADDRESS_000000686,BUILDING_010,A1104,560066
ADDRESS_000000687,BUILDING_009,A402,380009
ADDRESS_000000688,BUILDING_008,A804,411038
ADDRESS_000000689,BUILDING_003,C201,440015
ADDRESS_000000690,BUILDING_007,A1004,440010
ADDRESS_000000691,BUILDING_010,A903,560066
ADDRESS_000000692,BUILDING_010,A1103,560066
ADDRESS_000000693,BUILDING_008,A803,411038
ADDRESS_000000694,BUILDING_001,A504,440015
ADDRESS_000000695,BUILDING_009,A204,380009
ADDRESS_000000696,BUILDING_001,A602,440015
ADDRESS_000000697,BUILDING_009,A701,380009
ADDRESS_000000698,BUILDING_006,A1003,440015
ADDRESS_000000699,BUILDING_004,A404,440015
ADDRESS_000000700,BUILDING_003,C101,440015
ADDRESS_000000701,BUILDING_001,A804,440015
ADDRESS_000000702,BUILDING_001,A802,440015
ADDRESS_000000703,BUILDING_004,A602,440015
ADDRESS_000000704,BUILDING_004,A202,440015
ADDRESS_000000705,BUILDING_002,B803,440015
ADDRESS_000000706,BUILDING_001,A704,440015
ADDRESS_000000707,BUILDING_006,A702,440015
ADDRESS_000000708,BUILDING_001,A101,440015
ADDRESS_000000709,BUILDING_010,A204,560066
ADDRESS_000000710,BUILDING_003,C101,440015
ADDRESS_000000711,BUILDING_004,A101,440015
ADDRESS_000000712,BUILDING_007,A303,440010
ADDRESS_000000713,BUILDING_008,A101,411038
ADDRESS_000000714,BUILDING_008,A302,411038
ADDRESS_000000715,BUILDING_005,B103,440015
ADDRESS_000000716,BUILDING_007,A101,440010
ADDRESS_000000717,BUILDING_005,B402,440015
ADDRESS_000000718,BUILDING_010,A101,560066
ADDRESS_000000719,BUILDING_007,A503,440010
ADDRESS_000000720,BUILDING_006,A1003,440015
ADDRESS_000000721,BUILDING_007,A504,440010
ADDRESS_000000722,BUILDING_006,A804,440015
ADDRESS_000000723,BUILDING_001,A801,440015
ADDRESS_000000724,BUILDING_010,A904,560066
ADDRESS_000000725,BUILDING_002,B204,440015
ADDRESS_000000726,BUILDING_005,B603,440015
ADDRESS_000000727,BUILDING_001,A802,440015
ADDRESS_000000728,BUILDING_004,A501,440015
ADDRESS_000000729,BUILDING_004,A202,440015
ADDRESS_000000730,BUILDING_005,B301,440015
ADDRESS_000000731,BUILDING_003,C704,440015
ADDRESS_000000732,BUILDING_003,C304,440015
ADDRESS_000000733,BUILDING_002,B601,440015
ADDRESS_000000734,BUILDING_007,A1001,440010
ADDRESS_000000735,BUILDING_004,A101,440015
ADDRESS_000000736,BUILDING_006,A201,440015
ADDRESS_000000737,BUILDING_004,A402,440015
ADDRESS_000000738,BUILDING_004,A604,440015
ADDRESS_000000739,BUILDING_007,A1003,440010
ADDRESS_000000740,BUILDING_001,A604,440015
ADDRESS_000000741,BUILDING_005,B503,440015
ADDRESS_000000742,BUILDING_006,A204,440015
ADDRESS_000000743,BUILDING_008,A503,411038
ADDRESS_000000744,BUILDING_003,C303,440015
ADDRESS_000000745,BUILDING_003,C101,440015
ADDRESS_000000746,BUILDING_007,A1103,440010
ADDRESS_000000747,BUILDING_001,A603,440015
ADDRESS_000000748,BUILDING_007,A801,440010
ADDRESS_000000749,BUILDING_003,C202,440015
ADDRESS_000000750,BUILDING_004,A301,440015
ADDRESS_000000751,BUILDING_010,A202,560066
ADDRESS_000000752,BUILDING_006,A102,440015
ADDRESS_000000753,BUILDING_008,A204,411038
ADDRESS_000000754,BUILDING_005,B202,440015
ADDRESS_000000755,BUILDING_010,A1204,560066
ADDRESS_000000756,BUILDING_001,A104,440015
ADDRESS_000000757,BUILDING_001,A402,440015
ADDRESS_000000758,BUILDING_008,A703,411038
ADDRESS_000000759,BUILDING_002,B404,440015
ADDRESS_000000760,BUILDING_003,C403,440015
ADDRESS_000000761,BUILDING_010,A204,560066
ADDRESS_000000762,BUILDING_001,A304,440015
ADDRESS_000000763,BUILDING_010,A103,560066
ADDRESS_000000764,BUILDING_009,A602,380009
ADDRESS_000000765,BUILDING_003,C203,440015
ADDRESS_000000766,BUILDING_001,A203,440015
ADDRESS_000000767,BUILDING_010,A704,560066
ADDRESS_000000768,BUILDING_010,A1204,560066
ADDRESS_000000769,BUILDING_006,A904,440015
ADDRESS_000000770,BUILDING_009,A702,380009
ADDRESS_000000771,BUILDING_010,A1302,560066
ADDRESS_000000772,BUILDING_005,B602,440015
ADDRESS_000000773,BUILDING_004,A503,440015
ADDRESS_000000774,BUILDING_003,C203,440015
ADDRESS_000000775,BUILDING_006,A1003,440015
ADDRESS_000000776,BUILDING_008,A804,411038
ADDRESS_000000777,BUILDING_002,B101,440015
ADDRESS_000000778,BUILDING_007,A503,440010
ADDRESS_000000779,BUILDING_002,B103,440015
ADDRESS_000000780,BUILDING_007,A703,440010
ADDRESS_000000781,BUILDING_008,A702,411038
ADDRESS_000000782,BUILDING_006,A1001,440015
ADDRESS_000000783,BUILDING_001,A504,440015
ADDRESS_000000784,BUILDING_001,A601,440015
ADDRESS_000000785,BUILDING_002,B803,440015
ADDRESS_000000786,BUILDING_002,B604,440015
ADDRESS_000000787,BUILDING_009,A503,380009
ADDRESS_000000788,BUILDING_003,C701,440015
ADDRESS_000000789,BUILDING_001,A503,440015
ADDRESS_000000790,BUILDING_008,A502,411038
ADDRESS_000000791,BUILDING_010,A101,560066
ADDRESS_000000792,BUILDING_010,A301,560066
ADDRESS_000000793,BUILDING_006,A303,440015
ADDRESS_000000794,BUILDING_002,B304,440015
ADDRESS_000000795,BUILDING_006,A404,440015
ADDRESS_000000796,BUILDING_002,B803,440015
ADDRESS_000000797,BUILDING_007,A1101,440010
ADDRESS_000000798,BUILDING_005,B403,440015
ADDRESS_000000799,BUILDING_007,A801,440010
ADDRESS_000000800,BUILDING_005,B301,440015
ADDRESS_000000801,BUILDING_003,C102,440015
ADDRESS_000000802,BUILDING_010,A603,560066
ADDRESS_000000803,BUILDING_004,A201,440015
ADDRESS_000000804,BUILDING_001,A802,440015
ADDRESS_000000805,BUILDING_007,A301,440010
ADDRESS_000000806,BUILDING_001,A401,440015
ADDRESS_000000807,BUILDING_008,A104,411038
ADDRESS_000000808,BUILDING_004,A504,440015
ADDRESS_000000809,BUILDING_006,A603,440015
ADDRESS_000000810,BUILDING_006,A301,440015
ADDRESS_000000811,BUILDING_003,C801,440015
ADDRESS_000000812,BUILDING_009,A1001,380009
ADDRESS_000000813,BUILDING_003,C501,440015
ADDRESS_000000814,BUILDING_009,A304,380009
ADDRESS_000000815,BUILDING_006,A1001,440015
ADDRESS_000000816,BUILDING_003,C702,440015
ADDRESS_000000817,BUILDING_006,A204,440015
ADDRESS_000000818,BUILDING_008,A502,411038
ADDRESS_000000819,BUILDING_004,A102,440015
ADDRESS_000000820,BUILDING_002,B601,440015
ADDRESS_000000821,BUILDING_004,A501,440015
ADDRESS_000000822,BUILDING_005,B603,440015
ADDRESS_000000823,BUILDING_006,A801,440015
ADDRESS_000000824,BUILDING_006,A1003,440015
ADDRESS_000000825,BUILDING_010,A1102,560066
ADDRESS_000000826,BUILDING_004,A404,440015
ADDRESS_000000827,BUILDING_007,A102,440010
ADDRESS_000000828,BUILDING_009,A302,380009
ADDRESS_000000829,BUILDING_008,A301,411038
ADDRESS_000000830,BUILDING_006,A503,440015
ADDRESS_000000831,BUILDING_009,A804,380009
ADDRESS_000000832,BUILDING_007,A402,440010
ADDRESS_000000833,BUILDING_001,A804,440015
ADDRESS_000000834,BUILDING_003,C101,440015
ADDRESS_000000835,BUILDING_005,B601,440015
ADDRESS_000000836,BUILDING_007,A1203,440010
ADDRESS_000000837,BUILDING_001,A501,440015
ADDRESS_000000838,BUILDING_002,B701,440015
ADDRESS_000000839,BUILDING_008,A702,411038
ADDRESS_000000840,BUILDING_004,A103,440015
ADDRESS_000000841,BUILDING_005,B303,440015
ADDRESS_000000842,BUILDING_010,A101,560066
ADDRESS_000000843,BUILDING_005,B201,440015
ADDRESS_000000844,BUILDING_003,C701,440015
ADDRESS_000000845,BUILDING_010,A302,560066
ADDRESS_000000846,BUILDING_005,B504,440015
ADDRESS_000000847,BUILDING_003,C203,440015
ADDRESS_000000848,BUILDING_007,A804,440010
ADDRESS_000000849,BUILDING_001,A701,440015
ADDRESS_000000850,BUILDING_006,A303,440015
ADDRESS_000000851,BUILDING_008,A303,411038
ADDRESS_000000852,BUILDING_008,A503,411038
ADDRESS_000000853,BUILDING_001,A703,440015
ADDRESS_000000854,BUILDING_009,A404,380009
ADDRESS_000000855,BUILDING_008,A201,411038
ADDRESS_000000856,BUILDING_001,A103,440015
ADDRESS_000000857,BUILDING_005,B401,440015
ADDRESS_000000858,BUILDING_002,B204,440015
ADDRESS_000000859,BUILDING_007,A604,440010
ADDRESS_000000860,BUILDING_008,A101,411038
ADDRESS_000000861,BUILDING_003,C302,440015
ADDRESS_000000862,BUILDING_005,B204,440015
ADDRESS_000000863,BUILDING_003,C803,440015
ADDRESS_000000864,BUILDING_005,B603,440015
ADDRESS_000000865,BUILDING_002,B202,440015
ADDRESS_000000866,BUILDING_009,A701,380009
ADDRESS_000000867,BUILDING_001,A502,440015
ADDRESS_000000868,BUILDING_001,A104,440015
ADDRESS_000000869,BUILDING_003,C103,440015
ADDRESS_000000870,BUILDING_004,A403,440015
ADDRESS_000000871,BUILDING_001,A702,440015
ADDRESS_000000872,BUILDING_001,A603,440015
ADDRESS_000000873,BUILDING_008,A101,411038
ADDRESS_000000874,BUILDING_009,A702,380009
ADDRESS_000000875,BUILDING_007,A1202,440010
ADDRESS_000000876,BUILDING_002,B301,440015
ADDRESS_000000877,BUILDING_009,A702,380009
ADDRESS_000000878,BUILDING_001,A703,440015
ADDRESS_000000879,BUILDING_002,B101,440015
ADDRESS_000000880,BUILDING_010,A1401,560066
ADDRESS_000000881,BUILDING_002,B204,440015
ADDRESS_000000882,BUILDING_002,B204,440015
ADDRESS_000000883,BUILDING_005,B203,440015
ADDRESS_000000884,BUILDING_003,C701,440015
ADDRESS_000000885,BUILDING_009,A903,380009
ADDRESS_000000886,BUILDING_009,A503,380009
ADDRESS_000000887,BUILDING_009,A803,380009
ADDRESS_000000888,BUILDING_009,A202,380009
ADDRESS_000000889,BUILDING_009,A401,380009
ADDRESS_000000890,BUILDING_010,A904,560066
ADDRESS_000000891,BUILDING_008,A202,411038
ADDRESS_000000892,BUILDING_004,A401,440015
ADDRESS_000000893,BUILDING_007,A102,440010
ADDRESS_000000894,BUILDING_010,A202,560066
ADDRESS_000000895,BUILDING_004,A602,440015
ADDRESS_000000896,BUILDING_005,B602,440015
ADDRESS_000000897,BUILDING_003,C404,440015
ADDRESS_000000898,BUILDING_007,A904,440010
ADDRESS_000000899,BUILDING_003,C304,440015
ADDRESS_000000900,BUILDING_006,A1001,440015
ADDRESS_000000901,BUILDING_003,C804,440015
ADDRESS_000000902,BUILDING_007,A1201,440010
ADDRESS_000000903,BUILDING_009,A701,380009
ADDRESS_000000904,BUILDING_003,C201,440015
ADDRESS_000000905,BUILDING_004,A201,440015
ADDRESS_000000906,BUILDING_010,A1202,560066
ADDRESS_000000907,BUILDING_005,B404,440015
ADDRESS_000000908,BUILDING_002,B804,440015
ADDRESS_000000909,BUILDING_002,B802,440015
ADDRESS_000000910,BUILDING_003,C102,440015
ADDRESS_000000911,BUILDING_001,A302,440015
ADDRESS_000000912,BUILDING_009,A304,380009
ADDRESS_000000913,BUILDING_004,A103,440015
ADDRESS_000000914,BUILDING_001,A101,440015
ADDRESS_000000915,BUILDING_001,A702,440015
ADDRESS_000000916,BUILDING_008,A803,411038
ADDRESS_000000917,BUILDING_008,A204,411038
ADDRESS_000000918,BUILDING_010,A703,560066
ADDRESS_000000919,BUILDING_008,A602,411038
ADDRESS_000000920,BUILDING_007,A701,440010
ADDRESS_000000921,BUILDING_006,A404,440015
ADDRESS_000000922,BUILDING_005,B604,440015
ADDRESS_000000923,BUILDING_008,A201,411038
ADDRESS_000000924,BUILDING_002,B701,440015
ADDRESS_000000925,BUILDING_009,A704,380009
ADDRESS_000000926,BUILDING_008,A403,411038
ADDRESS_000000927,BUILDING_002,B603,440015
ADDRESS_000000928,BUILDING_002,B403,440015
ADDRESS_000000929,BUILDING_003,C304,440015
ADDRESS_000000930,BUILDING_009,A302,380009
ADDRESS_000000931,BUILDING_002,B103,440015
ADDRESS_000000932,BUILDING_010,A604,560066
ADDRESS_000000933,BUILDING_010,A1001,560066
ADDRESS_000000934,BUILDING_009,A904,380009
ADDRESS_000000935,BUILDING_004,A202,440015
ADDRESS_000000936,BUILDING_004,A102,440015
ADDRESS_000000937,BUILDING_002,B802,440015
ADDRESS_000000938,BUILDING_005,B301,440015
ADDRESS_000000939,BUILDING_009,A202,380009
ADDRESS_000000940,BUILDING_008,A303,411038
ADDRESS_000000941,BUILDING_001,A203,440015
ADDRESS_000000942,BUILDING_009,A304,380009
ADDRESS_000000943,BUILDING_009,A1003,380009
ADDRESS_000000944,BUILDING_001,A704,440015
ADDRESS_000000945,BUILDING_004,A504,440015
ADDRESS_000000946,BUILDING_001,A303,440015
ADDRESS_000000947,BUILDING_009,A402,380009
ADDRESS_000000948,BUILDING_008,A701,411038
ADDRESS_000000949,BUILDING_008,A604,411038
ADDRESS_000000950,BUILDING_005,B201,440015
ADDRESS_000000951,BUILDING_010,A301,560066
ADDRESS_000000952,BUILDING_003,C303,440015
ADDRESS_000000953,BUILDING_009,A902,380009
ADDRESS_000000954,BUILDING_007,A504,440010
ADDRESS_000000955,BUILDING_008,A201,411038
ADDRESS_000000956,BUILDING_003,C101,440015
ADDRESS_000000957,BUILDING_001,A402,440015
ADDRESS_000000958,BUILDING_006,A503,440015
ADDRESS_000000959,BUILDING_002,B102,440015
ADDRESS_000000960,BUILDING_007,A202,440010
ADDRESS_000000961,BUILDING_009,A101,380009
ADDRESS_000000962,BUILDING_008,A802,411038
ADDRESS_000000963,BUILDING_004,A102,440015
ADDRESS_000000964,BUILDING_009,A101,380009
ADDRESS_000000965,BUILDING_004,A603,440015
ADDRESS_000000966,BUILDING_010,A401,560066
ADDRESS_000000967,BUILDING_006,A601,440015
ADDRESS_000000968,BUILDING_005,B304,440015
ADDRESS_000000969,BUILDING_008,A504,411038
ADDRESS_000000970,BUILDING_006,A702,440015
ADDRESS_000000971,BUILDING_010,A1503,560066
ADDRESS_000000972,BUILDING_005,B304,440015
ADDRESS_000000973,BUILDING_004,A301,440015
ADDRESS_000000974,BUILDING_008,A301,411038
ADDRESS_000000975,BUILDING_007,A103,440010
ADDRESS_000000976,BUILDING_004,A403,440015
ADDRESS_000000977,BUILDING_008,A602,411038
ADDRESS_000000978,BUILDING_001,A801,440015
ADDRESS_000000979,BUILDING_007,A901,440010
ADDRESS_000000980,BUILDING_003,C303,440015
ADDRESS_000000981,BUILDING_005,B501,440015
ADDRESS_000000982,BUILDING_010,A801,560066
ADDRESS_000000983,BUILDING_008,A603,411038
ADDRESS_000000984,BUILDING_002,B302,440015
ADDRESS_000000985,BUILDING_009,A704,380009
ADDRESS_000000986,BUILDING_010,A1503,560066
ADDRESS_000000987,BUILDING_001,A503,440015
ADDRESS_000000988,BUILDING_003,C102,440015
ADDRESS_000000989,BUILDING_001,A404,440015
ADDRESS_000000990,BUILDING_002,B602,440015
ADDRESS_000000991,BUILDING_003,C102,440015
ADDRESS_000000992,BUILDING_002,B401,440015
ADDRESS_000000993,BUILDING_006,A804,440015
ADDRESS_000000994,BUILDING_005,B404,440015
ADDRESS_000000995,BUILDING_007,A103,440010
ADDRESS_000000996,BUILDING_009,A502,380009
ADDRESS_000000997,BUILDING_002,B503,440015
ADDRESS_000000998,BUILDING_005,B401,440015
ADDRESS_000000999,BUILDING_009,A503,380009
ADDRESS_000001000,BUILDING_005,B501,440015
ADDRESS_000001001,BUILDING_006,A402,440015
ADDRESS_000001002,BUILDING_002,B501,440015
ADDRESS_000001003,BUILDING_003,C404,440015
ADDRESS_000001004,BUILDING_001,A803,440015
ADDRESS_000001005,BUILDING_007,A404,440010
ADDRESS_000001006,BUILDING_002,B304,440015
ADDRESS_000001007,BUILDING_001,A104,440015
ADDRESS_000001008,BUILDING_010,A802,560066
ADDRESS_000001009,BUILDING_010,A803,560066
ADDRESS_000001010,BUILDING_006,A202,440015
ADDRESS_000001011,BUILDING_010,A1302,560066
ADDRESS_000001012,BUILDING_010,A501,560066
ADDRESS_000001013,BUILDING_004,A603,440015
ADDRESS_000001014,BUILDING_005,B401,440015
ADDRESS_000001015,BUILDING_007,A501,440010
ADDRESS_000001016,BUILDING_008,A801,411038
ADDRESS_000001017,BUILDING_002,B501,440015
ADDRESS_000001018,BUILDING_008,A403,411038
ADDRESS_000001019,BUILDING_006,A501,440015
ADDRESS_000001020,BUILDING_003,C501,440015
ADDRESS_000001021,BUILDING_005,B103,440015
ADDRESS_000001022,BUILDING_002,B802,440015
ADDRESS_000001023,BUILDING_010,A1502,560066
ADDRESS_000001024,BUILDING_010,A1404,560066
ADDRESS_000001025,BUILDING_006,A502,440015
ADDRESS_000001026,BUILDING_008,A804,411038
ADDRESS_000001027,BUILDING_008,A504,411038
ADDRESS_000001028,BUILDING_004,A404,440015
ADDRESS_000001029,BUILDING_004,A102,440015
ADDRESS_000001030,BUILDING_004,A502,440015
ADDRESS_000001031,BUILDING_004,A101,440015
ADDRESS_000001032,BUILDING_004,A402,440015
ADDRESS_000001033,BUILDING_009,A1004,380009
ADDRESS_000001034,BUILDING_002,B802,440015
ADDRESS_000001035,BUILDING_008,A702,411038
ADDRESS_000001036,BUILDING_007,A701,440010
ADDRESS_000001037,BUILDING_001,A801,440015
ADDRESS_000001038,BUILDING_005,B304,440015
ADDRESS_000001039,BUILDING_009,A502,380009
ADDRESS_000001040,BUILDING_006,A902,440015
ADDRESS_000001041,BUILDING_007,A1202,440010
ADDRESS_000001042,BUILDING_009,A1004,380009
ADDRESS_000001043,BUILDING_002,B702,440015
ADDRESS_000001044,BUILDING_007,A402,440010
ADDRESS_000001045,BUILDING_008,A701,411038
ADDRESS_000001046,BUILDING_006,A204,440015
ADDRESS_000001047,BUILDING_006,A901,440015
ADDRESS_000001048,BUILDING_004,A102,440015
ADDRESS_000001049,BUILDING_003,C304,440015
ADDRESS_000001050,BUILDING_004,A504,440015
ADDRESS_000001051,BUILDING_008,A303,411038
ADDRESS_000001052,BUILDING_007,A1203,440010
ADDRESS_000001053,BUILDING_004,A504,440015
ADDRESS_000001054,BUILDING_006,A503,440015
ADDRESS_000001055,BUILDING_002,B404,440015
ADDRESS_000001056,BUILDING_009,A803,380009
ADDRESS_000001057,BUILDING_009,A103,380009
ADDRESS_000001058,BUILDING_003,C103,440015
ADDRESS_000001059,BUILDING_009,A503,380009
ADDRESS_000001060,BUILDING_009,A302,380009
ADDRESS_000001061,BUILDING_010,A404,560066
ADDRESS_000001062,BUILDING_002,B302,440015
ADDRESS_000001063,BUILDING_004,A404,440015
ADDRESS_000001064,BUILDING_006,A904,440015
ADDRESS_000001065,BUILDING_007,A902,440010
ADDRESS_000001066,BUILDING_007,A601,440010
ADDRESS_000001067,BUILDING_005,B102,440015
ADDRESS_000001068,BUILDING_004,A601,440015
ADDRESS_000001069,BUILDING_010,A103,560066
ADDRESS_000001070,BUILDING_010,A904,560066
ADDRESS_000001071,BUILDING_009,A401,380009
ADDRESS_000001072,BUILDING_010,A301,560066
ADDRESS_000001073,BUILDING_001,A302,440015
ADDRESS_000001074,BUILDING_002,B502,440015
ADDRESS_000001075,BUILDING_002,B601,440015
ADDRESS_000001076,BUILDING_010,A1304,560066
ADDRESS_000001077,BUILDING_008,A604,411038
ADDRESS_000001078,BUILDING_003,C101,440015
ADDRESS_000001079,BUILDING_009,A804,380009
ADDRESS_000001080,BUILDING_010,A1302,560066
ADDRESS_000001081,BUILDING_002,B202,440015
ADDRESS_000001082,BUILDING_004,A504,440015
ADDRESS_000001083,BUILDING_001,A802,440015
ADDRESS_000001084,BUILDING_010,A902,560066
ADDRESS_000001085,BUILDING_005,B303,440015
ADDRESS_000001086,BUILDING_010,A503,560066
ADDRESS_000001087,BUILDING_007,A303,440010
ADDRESS_000001088,BUILDING_010,A1004,560066
ADDRESS_000001089,BUILDING_010,A804,560066
ADDRESS_000001090,BUILDING_004,A501,440015
ADDRESS_000001091,BUILDING_010,A104,560066
ADDRESS_000001092,BUILDING_005,B303,440015
ADDRESS_000001093,BUILDING_001,A204,440015
ADDRESS_000001094,BUILDING_009,A601,380009
ADDRESS_000001095,BUILDING_008,A301,411038
ADDRESS_000001096,BUILDING_006,A802,440015
ADDRESS_000001097,BUILDING_002,B501,440015
ADDRESS_000001098,BUILDING_009,A203,380009
ADDRESS_000001099,BUILDING_007,A802,440010
ADDRESS_000001100,BUILDING_004,A201,440015
ADDRESS_000001101,BUILDING_008,A801,411038
ADDRESS_000001102,BUILDING_006,A203,440015
ADDRESS_000001103,BUILDING_004,A304,440015
ADDRESS_000001104,BUILDING_010,A604,560066
ADDRESS_000001105,BUILDING_010,A1403,560066
ADDRESS_000001106,BUILDING_007,A501,440010
ADDRESS_000001107,BUILDING_007,A1002,440010
ADDRESS_000001108,BUILDING_009,A502,380009
ADDRESS_000001109,BUILDING_009,A502,380009
ADDRESS_000001110,BUILDING_003,C402,440015
ADDRESS_000001111,BUILDING_005,B403,440015
ADDRESS_000001112,BUILDING_004,A303,440015
ADDRESS_000001113,BUILDING_004,A301,440015
ADDRESS_000001114,BUILDING_008,A602,411038
ADDRESS_000001115,BUILDING_002,B403,440015
ADDRESS_000001116,BUILDING_010,A1103,560066
ADDRESS_000001117,BUILDING_007,A903,440010
ADDRESS_000001118,BUILDING_003,C802,440015
ADDRESS_000001119,BUILDING_001,A503,440015
ADDRESS_000001120,BUILDING_001,A802,440015
ADDRESS_000001121,BUILDING_002,B102,440015
ADDRESS_000001122,BUILDING_001,A701,440015
ADDRESS_000001123,BUILDING_007,A1203,440010
ADDRESS_000001124,BUILDING_002,B702,440015
ADDRESS_000001125,BUILDING_009,A1001,380009
ADDRESS_000001126,BUILDING_008,A402,411038
ADDRESS_000001127,BUILDING_004,A102,440015
ADDRESS_000001128,BUILDING_005,B401,440015
ADDRESS_000001129,BUILDING_003,C702,440015
ADDRESS_000001130,BUILDING_004,A304,440015
ADDRESS_000001131,BUILDING_002,B104,440015
ADDRESS_000001132,BUILDING_003,C404,440015
ADDRESS_000001133,BUILDING_002,B604,440015
ADDRESS_000001134,BUILDING_008,A104,411038
ADDRESS_000001135,BUILDING_006,A201,440015
ADDRESS_000001136,BUILDING_002,B703,440015
ADDRESS_000001137,BUILDING_008,A401,411038
ADDRESS_000001138,BUILDING_003,C701,440015
ADDRESS_000001139,BUILDING_007,A503,440010
ADDRESS_000001140,BUILDING_002,B804,440015
ADDRESS_000001141,BUILDING_006,A301,440015
ADDRESS_000001142,BUILDING_010,A104,560066
ADDRESS_000001143,BUILDING_003,C701,440015
ADDRESS_000001144,BUILDING_001,A104,440015
ADDRESS_000001145,BUILDING_006,A503,440015
ADDRESS_000001146,BUILDING_001,A703,440015
ADDRESS_000001147,BUILDING_003,C402,440015
ADDRESS_000001148,BUILDING_004,A403,440015
ADDRESS_000001149,BUILDING_010,A802,560066
ADDRESS_000001150,BUILDING_001,A103,440015
ADDRESS_000001151,BUILDING_010,A1002,560066
ADDRESS_000001152,BUILDING_004,A501,440015
ADDRESS_000001153,BUILDING_009,A902,380009
ADDRESS_000001154,BUILDING_003,C504,440015
ADDRESS_000001155,BUILDING_007,A501,440010
ADDRESS_000001156,BUILDING_010,A1402,560066
ADDRESS_000001157,BUILDING_009,A202,380009
ADDRESS_000001158,BUILDING_001,A304,440015
ADDRESS_000001159,BUILDING_001,A702,440015
ADDRESS_000001160,BUILDING_006,A1001,440015
ADDRESS_000001161,BUILDING_009,A603,380009
ADDRESS_000001162,BUILDING_008,A801,411038
ADDRESS_000001163,BUILDING_003,C702,440015
ADDRESS_000001164,BUILDING_003,C404,440015
ADDRESS_000001165,BUILDING_009,A803,380009
ADDRESS_000001166,BUILDING_002,B604,440015
ADDRESS_000001167,BUILDING_001,A602,440015
ADDRESS_000001168,BUILDING_008,A203,411038
ADDRESS_000001169,BUILDING_001,A703,440015
ADDRESS_000001170,BUILDING_005,B302,440015
ADDRESS_000001171,BUILDING_008,A703,411038
ADDRESS_000001172,BUILDING_010,A803,560066
ADDRESS_000001173,BUILDING_005,B402,440015
ADDRESS_000001174,BUILDING_003,C701,440015
ADDRESS_000001175,BUILDING_009,A104,380009
ADDRESS_000001176,BUILDING_002,B303,440015
ADDRESS_000001177,BUILDING_008,A804,411038
ADDRESS_000001178,BUILDING_004,A104,440015
ADDRESS_000001179,BUILDING_007,A904,440010
ADDRESS_000001180,BUILDING_005,B302,440015
ADDRESS_000001181,BUILDING_002,B601,440015
ADDRESS_000001182,BUILDING_001,A301,440015
ADDRESS_000001183,BUILDING_004,A503,440015
ADDRESS_000001184,BUILDING_004,A104,440015
ADDRESS_000001185,BUILDING_003,C103,440015
ADDRESS_000001186,BUILDING_005,B502,440015
ADDRESS_000001187,BUILDING_009,A202,380009
ADDRESS_000001188,BUILDING_003,C504,440015
ADDRESS_000001189,BUILDING_010,A204,560066
ADDRESS_000001190,BUILDING_002,B203,440015
ADDRESS_000001191,BUILDING_010,A503,560066
ADDRESS_000001192,BUILDING_010,A1101,560066
ADDRESS_000001193,BUILDING_010,A1302,560066
ADDRESS_000001194,BUILDING_010,A701,560066
ADDRESS_000001195,BUILDING_003,C304,440015
ADDRESS_000001196,BUILDING_007,A804,440010
ADDRESS_000001197,BUILDING_003,C804,440015
ADDRESS_000001198,BUILDING_004,A303,440015
ADDRESS_000001199,BUILDING_008,A502,411038
ADDRESS_000001200,BUILDING_007,A803,440010
