id,first_name,last_name,email,phone
CUSTOMER_000000001,Nikhil,Verma,nikhil.verma.CUSTOMER_000000001@shopsphere.example,9810716600
CUSTOMER_000000002,Vihaan,Jain,vihaan.jain.CUSTOMER_000000002@shopsphere.example,9230384494
CUSTOMER_000000003,Ananya,Pillai,ananya.pillai.CUSTOMER_000000003@shopsphere.example,9467001270
CUSTOMER_000000004,Pooja,Bansal,pooja.bansal.CUSTOMER_000000004@shopsphere.example,9668127746
CUSTOMER_000000005,Karan,Joshi,karan.joshi.CUSTOMER_000000005@shopsphere.example,9872098922
CUSTOMER_000000006,Isha,Saxena,isha.saxena.CUSTOMER_000000006@shopsphere.example,9946121770
CUSTOMER_000000007,Diya,Sharma,diya.sharma.CUSTOMER_000000007@shopsphere.example,9749443936
CUSTOMER_000000008,Rohan,Menon,rohan.menon.CUSTOMER_000000008@shopsphere.example,9627564840
CUSTOMER_000000009,Nisha,Jain,nisha.jain.CUSTOMER_000000009@shopsphere.example,9353901842
CUSTOMER_000000010,Ishaan,Pillai,ishaan.pillai.CUSTOMER_000000010@shopsphere.example,9636600505
CUSTOMER_000000011,Priya,Mehta,priya.mehta.CUSTOMER_000000011@shopsphere.example,9499787002
CUSTOMER_000000012,Meera,Nair,meera.nair.CUSTOMER_000000012@shopsphere.example,9626903271
CUSTOMER_000000013,Simran,Rao,simran.rao.CUSTOMER_000000013@shopsphere.example,9179099662
CUSTOMER_000000014,Yash,Menon,yash.menon.CUSTOMER_000000014@shopsphere.example,9612935700
CUSTOMER_000000015,Shreya,Reddy,shreya.reddy.CUSTOMER_000000015@shopsphere.example,9934972236
CUSTOMER_000000016,Ankit,Chauhan,ankit.chauhan.CUSTOMER_000000016@shopsphere.example,9556707303
CUSTOMER_000000017,Simran,Thakur,simran.thakur.CUSTOMER_000000017@shopsphere.example,9473626716
CUSTOMER_000000018,Neha,Sen,neha.sen.CUSTOMER_000000018@shopsphere.example,9982066885
CUSTOMER_000000019,Akash,Sen,akash.sen.CUSTOMER_000000019@shopsphere.example,9812863691
CUSTOMER_000000020,Riya,Mukherjee,riya.mukherjee.CUSTOMER_000000020@shopsphere.example,9183979752
CUSTOMER_000000021,Avni,Chauhan,avni.chauhan.CUSTOMER_000000021@shopsphere.example,9815066223
CUSTOMER_000000022,Isha,Kapoor,isha.kapoor.CUSTOMER_000000022@shopsphere.example,9428716230
CUSTOMER_000000023,Tanya,Verma,tanya.verma.CUSTOMER_000000023@shopsphere.example,9385394180
CUSTOMER_000000024,Nisha,Rao,nisha.rao.CUSTOMER_000000024@shopsphere.example,9231569083
CUSTOMER_000000025,Arjun,Agarwal,arjun.agarwal.CUSTOMER_000000025@shopsphere.example,9744474124
CUSTOMER_000000026,Ananya,Mishra,ananya.mishra.CUSTOMER_000000026@shopsphere.example,9680115175
CUSTOMER_000000027,Siddharth,Kumar,siddharth.kumar.CUSTOMER_000000027@shopsphere.example,9916100209
CUSTOMER_000000028,Arjun,Kapoor,arjun.kapoor.CUSTOMER_000000028@shopsphere.example,9247097226
CUSTOMER_000000029,Raj,Mukherjee,raj.mukherjee.CUSTOMER_000000029@shopsphere.example,9548075023
CUSTOMER_000000030,Shreya,Kumar,shreya.kumar.CUSTOMER_000000030@shopsphere.example,9133632333
CUSTOMER_000000031,Avni,Chauhan,avni.chauhan.CUSTOMER_000000031@shopsphere.example,9533184175
CUSTOMER_000000032,Diya,Reddy,diya.reddy.CUSTOMER_000000032@shopsphere.example,9652222801
CUSTOMER_000000033,Dev,Roy,dev.roy.CUSTOMER_000000033@shopsphere.example,9623297822
CUSTOMER_000000034,Shreya,Das,shreya.das.CUSTOMER_000000034@shopsphere.example,9891985288
CUSTOMER_000000035,Meera,Malhotra,meera.malhotra.CUSTOMER_000000035@shopsphere.example,9888370949
CUSTOMER_000000036,Diya,Jain,diya.jain.CUSTOMER_000000036@shopsphere.example,9416593228
CUSTOMER_000000037,Karan,Ghosh,karan.ghosh.CUSTOMER_000000037@shopsphere.example,9291352183
CUSTOMER_000000038,Meera,Saxena,meera.saxena.CUSTOMER_000000038@shopsphere.example,9771576159
CUSTOMER_000000039,Shreya,Singh,shreya.singh.CUSTOMER_000000039@shopsphere.example,9613834225
CUSTOMER_000000040,Rohan,Kapoor,rohan.kapoor.CUSTOMER_000000040@shopsphere.example,9478557167
CUSTOMER_000000041,Kabir,Pillai,kabir.pillai.CUSTOMER_000000041@shopsphere.example,9920506347
CUSTOMER_000000042,Siddharth,Das,siddharth.das.CUSTOMER_000000042@shopsphere.example,9905690950
CUSTOMER_000000043,Raj,Verma,raj.verma.CUSTOMER_000000043@shopsphere.example,9360643972
CUSTOMER_000000044,Vihaan,Verma,vihaan.verma.CUSTOMER_000000044@shopsphere.example,9430637019
CUSTOMER_000000045,Mahi,Shah,mahi.shah.CUSTOMER_000000045@shopsphere.example,9641335219
CUSTOMER_000000046,Tanya,Shah,tanya.shah.CUSTOMER_000000046@shopsphere.example,9492373920
CUSTOMER_000000047,Meera,Thakur,meera.thakur.CUSTOMER_000000047@shopsphere.example,9855883072
CUSTOMER_000000048,Raj,Pillai,raj.pillai.CUSTOMER_000000048@shopsphere.example,9836053810
CUSTOMER_000000049,Yash,Deshmukh,yash.deshmukh.CUSTOMER_000000049@shopsphere.example,9936509050
CUSTOMER_000000050,Diya,Thakur,diya.thakur.CUSTOMER_000000050@shopsphere.example,9588219534
CUSTOMER_000000051,Diya,Ghosh,diya.ghosh.CUSTOMER_000000051@shopsphere.example,9150936020
CUSTOMER_000000052,Isha,Nair,isha.nair.CUSTOMER_000000052@shopsphere.example,9596288886
CUSTOMER_000000053,Varun,Gupta,varun.gupta.CUSTOMER_000000053@shopsphere.example,9465512518
CUSTOMER_000000054,Aanya,Banerjee,aanya.banerjee.CUSTOMER_000000054@shopsphere.example,9834898004
CUSTOMER_000000055,Diya,Ghosh,diya.ghosh.CUSTOMER_000000055@shopsphere.example,9359899370
CUSTOMER_000000056,Simran,Reddy,simran.reddy.CUSTOMER_000000056@shopsphere.example,9602199510
CUSTOMER_000000057,Sneha,Verma,sneha.verma.CUSTOMER_000000057@shopsphere.example,9350053106
CUSTOMER_000000058,Vihaan,Agarwal,vihaan.agarwal.CUSTOMER_000000058@shopsphere.example,9740605495
CUSTOMER_000000059,Siddharth,Naidu,siddharth.naidu.CUSTOMER_000000059@shopsphere.example,9356213610
CUSTOMER_000000060,Ishaan,Das,ishaan.das.CUSTOMER_000000060@shopsphere.example,9429952660
CUSTOMER_000000061,Manav,Gupta,manav.gupta.CUSTOMER_000000061@shopsphere.example,9303441457
CUSTOMER_000000062,Neha,Kulkarni,neha.kulkarni.CUSTOMER_000000062@shopsphere.example,9692844179
CUSTOMER_000000063,Arjun,Singh,arjun.singh.CUSTOMER_000000063@shopsphere.example,9910018569
CUSTOMER_000000064,Simran,Gupta,simran.gupta.CUSTOMER_000000064@shopsphere.example,9672760510
CUSTOMER_000000065,Priya,Tiwari,priya.tiwari.CUSTOMER_000000065@shopsphere.example,9624782508
CUSTOMER_000000066,Aditi,Kulkarni,aditi.kulkarni.CUSTOMER_000000066@shopsphere.example,9472616341
CUSTOMER_000000067,Mahi,Kulkarni,mahi.kulkarni.CUSTOMER_000000067@shopsphere.example,9919816386
CUSTOMER_000000068,Sara,Singh,sara.singh.CUSTOMER_000000068@shopsphere.example,9918380655
CUSTOMER_000000069,Siddharth,Verma,siddharth.verma.CUSTOMER_000000069@shopsphere.example,9342226853
CUSTOMER_000000070,Shreya,Patel,shreya.patel.CUSTOMER_000000070@shopsphere.example,9172748257
CUSTOMER_000000071,Sneha,Deshmukh,sneha.deshmukh.CUSTOMER_000000071@shopsphere.example,9143726102
CUSTOMER_000000072,Myra,Roy,myra.roy.CUSTOMER_000000072@shopsphere.example,9957515288
CUSTOMER_000000073,Vihaan,Sen,vihaan.sen.CUSTOMER_000000073@shopsphere.example,9692322811
CUSTOMER_000000074,Dev,Rao,dev.rao.CUSTOMER_000000074@shopsphere.example,9366649771
CUSTOMER_000000075,Sara,Das,sara.das.CUSTOMER_000000075@shopsphere.example,9387708544
CUSTOMER_000000076,Mahi,Das,mahi.das.CUSTOMER_000000076@shopsphere.example,9170626690
CUSTOMER_000000077,Simran,Pandey,simran.pandey.CUSTOMER_000000077@shopsphere.example,9194770350
CUSTOMER_000000078,Sneha,Mehta,sneha.mehta.CUSTOMER_000000078@shopsphere.example,9470727415
CUSTOMER_000000079,Pooja,Pandey,pooja.pandey.CUSTOMER_000000079@shopsphere.example,9287629664
CUSTOMER_000000080,Dev,Singh,dev.singh.CUSTOMER_000000080@shopsphere.example,9282228442
CUSTOMER_000000081,Rohan,Mehta,rohan.mehta.CUSTOMER_000000081@shopsphere.example,9970258828
CUSTOMER_000000082,Karan,Kulkarni,karan.kulkarni.CUSTOMER_000000082@shopsphere.example,9833146326
CUSTOMER_000000083,Yash,Thakur,yash.thakur.CUSTOMER_000000083@shopsphere.example,9272186872
CUSTOMER_000000084,Ishaan,Das,ishaan.das.CUSTOMER_000000084@shopsphere.example,9274010371
CUSTOMER_000000085,Kavya,Singh,kavya.singh.CUSTOMER_000000085@shopsphere.example,9751215888
CUSTOMER_000000086,Kavya,Pandey,kavya.pandey.CUSTOMER_000000086@shopsphere.example,9208106900
CUSTOMER_000000087,Manav,Rao,manav.rao.CUSTOMER_000000087@shopsphere.example,9587933874
CUSTOMER_000000088,Kabir,Kulkarni,kabir.kulkarni.CUSTOMER_000000088@shopsphere.example,9907961438
CUSTOMER_000000089,Tanya,Ghosh,tanya.ghosh.CUSTOMER_000000089@shopsphere.example,9459683516
CUSTOMER_000000090,Ananya,Bansal,ananya.bansal.CUSTOMER_000000090@shopsphere.example,9126598292
CUSTOMER_000000091,Sneha,Deshmukh,sneha.deshmukh.CUSTOMER_000000091@shopsphere.example,9959301830
CUSTOMER_000000092,Sneha,Singh,sneha.singh.CUSTOMER_000000092@shopsphere.example,9903169388
CUSTOMER_000000093,Arjun,Iyer,arjun.iyer.CUSTOMER_000000093@shopsphere.example,9812920180
CUSTOMER_000000094,Mahi,Deshmukh,mahi.deshmukh.CUSTOMER_000000094@shopsphere.example,9690801060
CUSTOMER_000000095,Vivek,Soni,vivek.soni.CUSTOMER_000000095@shopsphere.example,9613836450
CUSTOMER_000000096,Aanya,Tiwari,aanya.tiwari.CUSTOMER_000000096@shopsphere.example,9534826185
CUSTOMER_000000097,Varun,Shah,varun.shah.CUSTOMER_000000097@shopsphere.example,9312960761
CUSTOMER_000000098,Sneha,Mishra,sneha.mishra.CUSTOMER_000000098@shopsphere.example,9984612981
CUSTOMER_000000099,Rahul,Jain,rahul.jain.CUSTOMER_000000099@shopsphere.example,9515536676
CUSTOMER_000000100,Riya,Malhotra,riya.malhotra.CUSTOMER_000000100@shopsphere.example,9821059518
CUSTOMER_000000101,Akash,Sen,akash.sen.CUSTOMER_000000101@shopsphere.example,9168317031
CUSTOMER_000000102,Kabir,Mishra,kabir.mishra.CUSTOMER_000000102@shopsphere.example,9260357394
CUSTOMER_000000103,Myra,Chopra,myra.chopra.CUSTOMER_000000103@shopsphere.example,9128926364
CUSTOMER_000000104,Riya,Kulkarni,riya.kulkarni.CUSTOMER_000000104@shopsphere.example,9149624521
CUSTOMER_000000105,Aditya,Malhotra,aditya.malhotra.CUSTOMER_000000105@shopsphere.example,9889402612
CUSTOMER_000000106,Dev,Kapoor,dev.kapoor.CUSTOMER_000000106@shopsphere.example,9816548922
CUSTOMER_000000107,Pooja,Deshmukh,pooja.deshmukh.CUSTOMER_000000107@shopsphere.example,9205574689
CUSTOMER_000000108,Ananya,Menon,ananya.menon.CUSTOMER_000000108@shopsphere.example,9584380266
CUSTOMER_000000109,Aditi,Rao,aditi.rao.CUSTOMER_000000109@shopsphere.example,9199406000
CUSTOMER_000000110,Myra,Mishra,myra.mishra.CUSTOMER_000000110@shopsphere.example,9223011192
CUSTOMER_000000111,Avni,Iyer,avni.iyer.CUSTOMER_000000111@shopsphere.example,9573719537
CUSTOMER_000000112,Nisha,Malhotra,nisha.malhotra.CUSTOMER_000000112@shopsphere.example,9831789606
CUSTOMER_000000113,Pooja,Iyer,pooja.iyer.CUSTOMER_000000113@shopsphere.example,9801706660
CUSTOMER_000000114,Aanya,Pandey,aanya.pandey.CUSTOMER_000000114@shopsphere.example,9483620579
CUSTOMER_000000115,Rohan,Shah,rohan.shah.CUSTOMER_000000115@shopsphere.example,9916572631
CUSTOMER_000000116,Diya,Iyer,diya.iyer.CUSTOMER_000000116@shopsphere.example,9578414969
CUSTOMER_000000117,Sneha,Jain,sneha.jain.CUSTOMER_000000117@shopsphere.example,9818994229
CUSTOMER_000000118,Tanya,Iyer,tanya.iyer.CUSTOMER_000000118@shopsphere.example,9608580858
CUSTOMER_000000119,Karan,Das,karan.das.CUSTOMER_000000119@shopsphere.example,9834768388
CUSTOMER_000000120,Dev,Kapoor,dev.kapoor.CUSTOMER_000000120@shopsphere.example,9291012565
CUSTOMER_000000121,Ananya,Yadav,ananya.yadav.CUSTOMER_000000121@shopsphere.example,9431290574
CUSTOMER_000000122,Sneha,Sen,sneha.sen.CUSTOMER_000000122@shopsphere.example,9648121171
CUSTOMER_000000123,Arjun,Malhotra,arjun.malhotra.CUSTOMER_000000123@shopsphere.example,9634349958
CUSTOMER_000000124,Kavya,Gupta,kavya.gupta.CUSTOMER_000000124@shopsphere.example,9643398246
CUSTOMER_000000125,Pooja,Malhotra,pooja.malhotra.CUSTOMER_000000125@shopsphere.example,9605224830
CUSTOMER_000000126,Arjun,Jain,arjun.jain.CUSTOMER_000000126@shopsphere.example,9852115028
CUSTOMER_000000127,Varun,Roy,varun.roy.CUSTOMER_000000127@shopsphere.example,9707219514
CUSTOMER_000000128,Riya,Iyer,riya.iyer.CUSTOMER_000000128@shopsphere.example,9913149897
CUSTOMER_000000129,Neha,Joshi,neha.joshi.CUSTOMER_000000129@shopsphere.example,9927284637
CUSTOMER_000000130,Yash,Das,yash.das.CUSTOMER_000000130@shopsphere.example,9988688854
CUSTOMER_000000131,Avni,Nair,avni.nair.CUSTOMER_000000131@shopsphere.example,9165423128
CUSTOMER_000000132,Mahi,Gupta,mahi.gupta.CUSTOMER_000000132@shopsphere.example,9741947524
CUSTOMER_000000133,Diya,Nair,diya.nair.CUSTOMER_000000133@shopsphere.example,9496528026
CUSTOMER_000000134,Diya,Roy,diya.roy.CUSTOMER_000000134@shopsphere.example,9923058444
CUSTOMER_000000135,Ankit,Das,ankit.das.CUSTOMER_000000135@shopsphere.example,9680178587
CUSTOMER_000000136,Dev,Pandey,dev.pandey.CUSTOMER_000000136@shopsphere.example,9977362900
CUSTOMER_000000137,Manav,Kulkarni,manav.kulkarni.CUSTOMER_000000137@shopsphere.example,9965474057
CUSTOMER_000000138,Sneha,Soni,sneha.soni.CUSTOMER_000000138@shopsphere.example,9384212529
CUSTOMER_000000139,Simran,Saxena,simran.saxena.CUSTOMER_000000139@shopsphere.example,9357571775
CUSTOMER_000000140,Akash,Mukherjee,akash.mukherjee.CUSTOMER_000000140@shopsphere.example,9105239606
CUSTOMER_000000141,Aditya,Chauhan,aditya.chauhan.CUSTOMER_000000141@shopsphere.example,9612565320
CUSTOMER_000000142,Shreya,Verma,shreya.verma.CUSTOMER_000000142@shopsphere.example,9216446757
CUSTOMER_000000143,Sara,Mukherjee,sara.mukherjee.CUSTOMER_000000143@shopsphere.example,9352927946
CUSTOMER_000000144,Mahi,Das,mahi.das.CUSTOMER_000000144@shopsphere.example,9776157548
CUSTOMER_000000145,Manav,Joshi,manav.joshi.CUSTOMER_000000145@shopsphere.example,9513349028
CUSTOMER_000000146,Isha,Singh,isha.singh.CUSTOMER_000000146@shopsphere.example,9751081541
CUSTOMER_000000147,Diya,Rao,diya.rao.CUSTOMER_000000147@shopsphere.example,9310226587
CUSTOMER_000000148,Nikhil,Soni,nikhil.soni.CUSTOMER_000000148@shopsphere.example,9901350849
CUSTOMER_000000149,Aditi,Kulkarni,aditi.kulkarni.CUSTOMER_000000149@shopsphere.example,9805009981
CUSTOMER_000000150,Dev,Pillai,dev.pillai.CUSTOMER_000000150@shopsphere.example,9464984842
CUSTOMER_000000151,Siddharth,Roy,siddharth.roy.CUSTOMER_000000151@shopsphere.example,9855606403
CUSTOMER_000000152,Priya,Joshi,priya.joshi.CUSTOMER_000000152@shopsphere.example,9169194702
CUSTOMER_000000153,Manav,Kulkarni,manav.kulkarni.CUSTOMER_000000153@shopsphere.example,9523851658
CUSTOMER_000000154,Aryan,Iyer,aryan.iyer.CUSTOMER_000000154@shopsphere.example,9897506231
CUSTOMER_000000155,Nisha,Sharma,nisha.sharma.CUSTOMER_000000155@shopsphere.example,9330044109
CUSTOMER_000000156,Aarav,Yadav,aarav.yadav.CUSTOMER_000000156@shopsphere.example,9546298042
CUSTOMER_000000157,Aryan,Mukherjee,aryan.mukherjee.CUSTOMER_000000157@shopsphere.example,9980381265
CUSTOMER_000000158,Karan,Das,karan.das.CUSTOMER_000000158@shopsphere.example,9938679830
CUSTOMER_000000159,Shreya,Rao,shreya.rao.CUSTOMER_000000159@shopsphere.example,9222649491
CUSTOMER_000000160,Kavya,Sharma,kavya.sharma.CUSTOMER_000000160@shopsphere.example,9587479004
CUSTOMER_000000161,Isha,Naidu,isha.naidu.CUSTOMER_000000161@shopsphere.example,9534225288
CUSTOMER_000000162,Rahul,Mehta,rahul.mehta.CUSTOMER_000000162@shopsphere.example,9949809822
CUSTOMER_000000163,Ishaan,Agarwal,ishaan.agarwal.CUSTOMER_000000163@shopsphere.example,9763556599
CUSTOMER_000000164,Ishaan,Malhotra,ishaan.malhotra.CUSTOMER_000000164@shopsphere.example,9715850407
CUSTOMER_000000165,Varun,Ghosh,varun.ghosh.CUSTOMER_000000165@shopsphere.example,9392518838
CUSTOMER_000000166,Sneha,Joshi,sneha.joshi.CUSTOMER_000000166@shopsphere.example,9376125397
CUSTOMER_000000167,Aryan,Yadav,aryan.yadav.CUSTOMER_000000167@shopsphere.example,9420851625
CUSTOMER_000000168,Kabir,Ghosh,kabir.ghosh.CUSTOMER_000000168@shopsphere.example,9746080634
CUSTOMER_000000169,Dev,Bansal,dev.bansal.CUSTOMER_000000169@shopsphere.example,9390233784
CUSTOMER_000000170,Raj,Rao,raj.rao.CUSTOMER_000000170@shopsphere.example,9693953765
CUSTOMER_000000171,Yash,Malhotra,yash.malhotra.CUSTOMER_000000171@shopsphere.example,9112175404
CUSTOMER_000000172,Priya,Agarwal,priya.agarwal.CUSTOMER_000000172@shopsphere.example,9823508258
CUSTOMER_000000173,Siddharth,Kulkarni,siddharth.kulkarni.CUSTOMER_000000173@shopsphere.example,9327876038
CUSTOMER_000000174,Karan,Rao,karan.rao.CUSTOMER_000000174@shopsphere.example,9814526950
CUSTOMER_000000175,Ankit,Kulkarni,ankit.kulkarni.CUSTOMER_000000175@shopsphere.example,9711703664
CUSTOMER_000000176,Sara,Ghosh,sara.ghosh.CUSTOMER_000000176@shopsphere.example,9956144927
CUSTOMER_000000177,Varun,Chauhan,varun.chauhan.CUSTOMER_000000177@shopsphere.example,9211266228
CUSTOMER_000000178,Karan,Naidu,karan.naidu.CUSTOMER_000000178@shopsphere.example,9337087038
CUSTOMER_000000179,Dev,Reddy,dev.reddy.CUSTOMER_000000179@shopsphere.example,9408117647
CUSTOMER_000000180,Varun,Iyer,varun.iyer.CUSTOMER_000000180@shopsphere.example,9774580719
CUSTOMER_000000181,Riya,Soni,riya.soni.CUSTOMER_000000181@shopsphere.example,9211752385
CUSTOMER_000000182,Rahul,Dubey,rahul.dubey.CUSTOMER_000000182@shopsphere.example,9435334396
CUSTOMER_000000183,Rohan,Deshmukh,rohan.deshmukh.CUSTOMER_000000183@shopsphere.example,9937578124
CUSTOMER_000000184,Ankit,Tiwari,ankit.tiwari.CUSTOMER_000000184@shopsphere.example,9332183483
CUSTOMER_000000185,Rahul,Mishra,rahul.mishra.CUSTOMER_000000185@shopsphere.example,9707636235
CUSTOMER_000000186,Myra,Soni,myra.soni.CUSTOMER_000000186@shopsphere.example,9161579755
CUSTOMER_000000187,Aarav,Kumar,aarav.kumar.CUSTOMER_000000187@shopsphere.example,9696612694
CUSTOMER_000000188,Shreya,Das,shreya.das.CUSTOMER_000000188@shopsphere.example,9435281552
CUSTOMER_000000189,Rohan,Banerjee,rohan.banerjee.CUSTOMER_000000189@shopsphere.example,9689509363
CUSTOMER_000000190,Sneha,Deshmukh,sneha.deshmukh.CUSTOMER_000000190@shopsphere.example,9692130117
CUSTOMER_000000191,Meera,Deshmukh,meera.deshmukh.CUSTOMER_000000191@shopsphere.example,9572055978
CUSTOMER_000000192,Raj,Dubey,raj.dubey.CUSTOMER_000000192@shopsphere.example,9140693890
CUSTOMER_000000193,Pooja,Nair,pooja.nair.CUSTOMER_000000193@shopsphere.example,9604941468
CUSTOMER_000000194,Avni,Thakur,avni.thakur.CUSTOMER_000000194@shopsphere.example,9436993684
CUSTOMER_000000195,Kabir,Reddy,kabir.reddy.CUSTOMER_000000195@shopsphere.example,9187593140
CUSTOMER_000000196,Arjun,Chopra,arjun.chopra.CUSTOMER_000000196@shopsphere.example,9819343509
CUSTOMER_000000197,Siddharth,Patel,siddharth.patel.CUSTOMER_000000197@shopsphere.example,9580994975
CUSTOMER_000000198,Neha,Malhotra,neha.malhotra.CUSTOMER_000000198@shopsphere.example,9236304188
CUSTOMER_000000199,Isha,Shah,isha.shah.CUSTOMER_000000199@shopsphere.example,9727802315
CUSTOMER_000000200,Varun,Verma,varun.verma.CUSTOMER_000000200@shopsphere.example,9156105333
CUSTOMER_000000201,Nikhil,Agarwal,nikhil.agarwal.CUSTOMER_000000201@shopsphere.example,9687561262
CUSTOMER_000000202,Priya,Kulkarni,priya.kulkarni.CUSTOMER_000000202@shopsphere.example,9300977101
CUSTOMER_000000203,Myra,Dubey,myra.dubey.CUSTOMER_000000203@shopsphere.example,9686124405
CUSTOMER_000000204,Simran,Chauhan,simran.chauhan.CUSTOMER_000000204@shopsphere.example,9513551363
CUSTOMER_000000205,Karan,Rao,karan.rao.CUSTOMER_000000205@shopsphere.example,9307205541
CUSTOMER_000000206,Aditya,Tiwari,aditya.tiwari.CUSTOMER_000000206@shopsphere.example,9794290527
CUSTOMER_000000207,Yash,Ghosh,yash.ghosh.CUSTOMER_000000207@shopsphere.example,9761544749
CUSTOMER_000000208,Isha,Banerjee,isha.banerjee.CUSTOMER_000000208@shopsphere.example,9377644936
CUSTOMER_000000209,Aarav,Krishnan,aarav.krishnan.CUSTOMER_000000209@shopsphere.example,9514990565
CUSTOMER_000000210,Dev,Mishra,dev.mishra.CUSTOMER_000000210@shopsphere.example,9623541039
CUSTOMER_000000211,Arjun,Malhotra,arjun.malhotra.CUSTOMER_000000211@shopsphere.example,9286277010
CUSTOMER_000000212,Akash,Kapoor,akash.kapoor.CUSTOMER_000000212@shopsphere.example,9636634475
CUSTOMER_000000213,Pooja,Chauhan,pooja.chauhan.CUSTOMER_000000213@shopsphere.example,9660076002
CUSTOMER_000000214,Pooja,Mehta,pooja.mehta.CUSTOMER_000000214@shopsphere.example,9919000050
CUSTOMER_000000215,Siddharth,Mishra,siddharth.mishra.CUSTOMER_000000215@shopsphere.example,9538687821
CUSTOMER_000000216,Rahul,Soni,rahul.soni.CUSTOMER_000000216@shopsphere.example,9301751482
CUSTOMER_000000217,Varun,Nair,varun.nair.CUSTOMER_000000217@shopsphere.example,9493866194
CUSTOMER_000000218,Myra,Chauhan,myra.chauhan.CUSTOMER_000000218@shopsphere.example,9907222687
CUSTOMER_000000219,Priya,Iyer,priya.iyer.CUSTOMER_000000219@shopsphere.example,9512453100
CUSTOMER_000000220,Diya,Joshi,diya.joshi.CUSTOMER_000000220@shopsphere.example,9431309316
CUSTOMER_000000221,Siddharth,Pillai,siddharth.pillai.CUSTOMER_000000221@shopsphere.example,9519826425
CUSTOMER_000000222,Vihaan,Menon,vihaan.menon.CUSTOMER_000000222@shopsphere.example,9416735876
CUSTOMER_000000223,Priya,Shah,priya.shah.CUSTOMER_000000223@shopsphere.example,9275188704
CUSTOMER_000000224,Aanya,Iyer,aanya.iyer.CUSTOMER_000000224@shopsphere.example,9852105004
CUSTOMER_000000225,Yash,Gupta,yash.gupta.CUSTOMER_000000225@shopsphere.example,9203809148
CUSTOMER_000000226,Aarav,Sen,aarav.sen.CUSTOMER_000000226@shopsphere.example,9716624176
CUSTOMER_000000227,Meera,Agarwal,meera.agarwal.CUSTOMER_000000227@shopsphere.example,9688725434
CUSTOMER_000000228,Sara,Mukherjee,sara.mukherjee.CUSTOMER_000000228@shopsphere.example,9381937600
CUSTOMER_000000229,Ishaan,Kumar,ishaan.kumar.CUSTOMER_000000229@shopsphere.example,9675038606
CUSTOMER_000000230,Tanya,Pillai,tanya.pillai.CUSTOMER_000000230@shopsphere.example,9108565797
CUSTOMER_000000231,Meera,Menon,meera.menon.CUSTOMER_000000231@shopsphere.example,9886227321
CUSTOMER_000000232,Riya,Das,riya.das.CUSTOMER_000000232@shopsphere.example,9144150726
CUSTOMER_000000233,Akash,Singh,akash.singh.CUSTOMER_000000233@shopsphere.example,9869677358
CUSTOMER_000000234,Shreya,Krishnan,shreya.krishnan.CUSTOMER_000000234@shopsphere.example,9633326245
CUSTOMER_000000235,Nisha,Chopra,nisha.chopra.CUSTOMER_000000235@shopsphere.example,9343389540
CUSTOMER_000000236,Vihaan,Bansal,vihaan.bansal.CUSTOMER_000000236@shopsphere.example,9860669006
CUSTOMER_000000237,Aanya,Kulkarni,aanya.kulkarni.CUSTOMER_000000237@shopsphere.example,9426707024
CUSTOMER_000000238,Vihaan,Tiwari,vihaan.tiwari.CUSTOMER_000000238@shopsphere.example,9399717289
CUSTOMER_000000239,Aanya,Verma,aanya.verma.CUSTOMER_000000239@shopsphere.example,9850291783
CUSTOMER_000000240,Kabir,Chauhan,kabir.chauhan.CUSTOMER_000000240@shopsphere.example,9506873098
CUSTOMER_000000241,Rahul,Thakur,rahul.thakur.CUSTOMER_000000241@shopsphere.example,9134367154
CUSTOMER_000000242,Aditya,Das,aditya.das.CUSTOMER_000000242@shopsphere.example,9452544958
CUSTOMER_000000243,Riya,Sharma,riya.sharma.CUSTOMER_000000243@shopsphere.example,9141719718
CUSTOMER_000000244,Ankit,Mishra,ankit.mishra.CUSTOMER_000000244@shopsphere.example,9718203670
CUSTOMER_000000245,Avni,Roy,avni.roy.CUSTOMER_000000245@shopsphere.example,9305349258
CUSTOMER_000000246,Meera,Agarwal,meera.agarwal.CUSTOMER_000000246@shopsphere.example,9500094557
CUSTOMER_000000247,Varun,Mishra,varun.mishra.CUSTOMER_000000247@shopsphere.example,9297867586
CUSTOMER_000000248,Varun,Joshi,varun.joshi.CUSTOMER_000000248@shopsphere.example,9280940159
CUSTOMER_000000249,Vivek,Pandey,vivek.pandey.CUSTOMER_000000249@shopsphere.example,9192150708
CUSTOMER_000000250,Vivek,Gupta,vivek.gupta.CUSTOMER_000000250@shopsphere.example,9582707475
CUSTOMER_000000251,Pooja,Banerjee,pooja.banerjee.CUSTOMER_000000251@shopsphere.example,9139472072
CUSTOMER_000000252,Priya,Roy,priya.roy.CUSTOMER_000000252@shopsphere.example,9591317688
CUSTOMER_000000253,Vivek,Banerjee,vivek.banerjee.CUSTOMER_000000253@shopsphere.example,9913066074
CUSTOMER_000000254,Meera,Saxena,meera.saxena.CUSTOMER_000000254@shopsphere.example,9532283645
CUSTOMER_000000255,Kavya,Soni,kavya.soni.CUSTOMER_000000255@shopsphere.example,9953354409
CUSTOMER_000000256,Tanya,Rao,tanya.rao.CUSTOMER_000000256@shopsphere.example,9672356396
CUSTOMER_000000257,Nikhil,Jain,nikhil.jain.CUSTOMER_000000257@shopsphere.example,9186676432
CUSTOMER_000000258,Varun,Yadav,varun.yadav.CUSTOMER_000000258@shopsphere.example,9315495418
CUSTOMER_000000259,Aarav,Das,aarav.das.CUSTOMER_000000259@shopsphere.example,9282563020
CUSTOMER_000000260,Karan,Patel,karan.patel.CUSTOMER_000000260@shopsphere.example,9546939720
CUSTOMER_000000261,Aditi,Yadav,aditi.yadav.CUSTOMER_000000261@shopsphere.example,9886170403
CUSTOMER_000000262,Aarav,Bansal,aarav.bansal.CUSTOMER_000000262@shopsphere.example,9605483046
CUSTOMER_000000263,Vivek,Mukherjee,vivek.mukherjee.CUSTOMER_000000263@shopsphere.example,9438155938
CUSTOMER_000000264,Simran,Mukherjee,simran.mukherjee.CUSTOMER_000000264@shopsphere.example,9187757749
CUSTOMER_000000265,Aarav,Kumar,aarav.kumar.CUSTOMER_000000265@shopsphere.example,9991752930
CUSTOMER_000000266,Mahi,Pandey,mahi.pandey.CUSTOMER_000000266@shopsphere.example,9822676796
CUSTOMER_000000267,Aanya,Dubey,aanya.dubey.CUSTOMER_000000267@shopsphere.example,9345307517
CUSTOMER_000000268,Kabir,Das,kabir.das.CUSTOMER_000000268@shopsphere.example,9200574788
CUSTOMER_000000269,Aarav,Kulkarni,aarav.kulkarni.CUSTOMER_000000269@shopsphere.example,9850722099
CUSTOMER_000000270,Varun,Jain,varun.jain.CUSTOMER_000000270@shopsphere.example,9554085231
CUSTOMER_000000271,Neha,Bansal,neha.bansal.CUSTOMER_000000271@shopsphere.example,9282201963
CUSTOMER_000000272,Karan,Chopra,karan.chopra.CUSTOMER_000000272@shopsphere.example,9563336075
CUSTOMER_000000273,Raj,Kumar,raj.kumar.CUSTOMER_000000273@shopsphere.example,9127332941
CUSTOMER_000000274,Kavya,Menon,kavya.menon.CUSTOMER_000000274@shopsphere.example,9636556511
CUSTOMER_000000275,Vivek,Ghosh,vivek.ghosh.CUSTOMER_000000275@shopsphere.example,9727605603
CUSTOMER_000000276,Meera,Sharma,meera.sharma.CUSTOMER_000000276@shopsphere.example,9877162798
CUSTOMER_000000277,Mahi,Kumar,mahi.kumar.CUSTOMER_000000277@shopsphere.example,9388848526
CUSTOMER_000000278,Yash,Chopra,yash.chopra.CUSTOMER_000000278@shopsphere.example,9195881811
CUSTOMER_000000279,Aditi,Saxena,aditi.saxena.CUSTOMER_000000279@shopsphere.example,9716480772
CUSTOMER_000000280,Diya,Rao,diya.rao.CUSTOMER_000000280@shopsphere.example,9897207852
CUSTOMER_000000281,Aanya,Reddy,aanya.reddy.CUSTOMER_000000281@shopsphere.example,9165903613
CUSTOMER_000000282,Vivek,Chauhan,vivek.chauhan.CUSTOMER_000000282@shopsphere.example,9150751626
CUSTOMER_000000283,Riya,Tiwari,riya.tiwari.CUSTOMER_000000283@shopsphere.example,9202951435
CUSTOMER_000000284,Ananya,Thakur,ananya.thakur.CUSTOMER_000000284@shopsphere.example,9548042861
CUSTOMER_000000285,Varun,Soni,varun.soni.CUSTOMER_000000285@shopsphere.example,9128006218
CUSTOMER_000000286,Raj,Joshi,raj.joshi.CUSTOMER_000000286@shopsphere.example,9970698443
CUSTOMER_000000287,Avni,Reddy,avni.reddy.CUSTOMER_000000287@shopsphere.example,9539251865
CUSTOMER_000000288,Kabir,Mishra,kabir.mishra.CUSTOMER_000000288@shopsphere.example,9105824034
CUSTOMER_000000289,Raj,Roy,raj.roy.CUSTOMER_000000289@shopsphere.example,9569829088
CUSTOMER_000000290,Siddharth,Dubey,siddharth.dubey.CUSTOMER_000000290@shopsphere.example,9496994071
CUSTOMER_000000291,Aditi,Verma,aditi.verma.CUSTOMER_000000291@shopsphere.example,9853332461
CUSTOMER_000000292,Meera,Nair,meera.nair.CUSTOMER_000000292@shopsphere.example,9501498358
CUSTOMER_000000293,Sara,Thakur,sara.thakur.CUSTOMER_000000293@shopsphere.example,9429695273
CUSTOMER_000000294,Ishaan,Bansal,ishaan.bansal.CUSTOMER_000000294@shopsphere.example,9508481342
CUSTOMER_000000295,Tanya,Menon,tanya.menon.CUSTOMER_000000295@shopsphere.example,9813295679
CUSTOMER_000000296,Aanya,Sharma,aanya.sharma.CUSTOMER_000000296@shopsphere.example,9361074221
CUSTOMER_000000297,Aarav,Singh,aarav.singh.CUSTOMER_000000297@shopsphere.example,9639070459
CUSTOMER_000000298,Meera,Ghosh,meera.ghosh.CUSTOMER_000000298@shopsphere.example,9961457762
CUSTOMER_000000299,Nikhil,Reddy,nikhil.reddy.CUSTOMER_000000299@shopsphere.example,9130772843
CUSTOMER_000000300,Sara,Saxena,sara.saxena.CUSTOMER_000000300@shopsphere.example,9825169701
CUSTOMER_000000301,Myra,Naidu,myra.naidu.CUSTOMER_000000301@shopsphere.example,9242533736
CUSTOMER_000000302,Nikhil,Naidu,nikhil.naidu.CUSTOMER_000000302@shopsphere.example,9206937490
CUSTOMER_000000303,Aryan,Rao,aryan.rao.CUSTOMER_000000303@shopsphere.example,9778240690
CUSTOMER_000000304,Nisha,Pandey,nisha.pandey.CUSTOMER_000000304@shopsphere.example,9366942349
CUSTOMER_000000305,Myra,Sharma,myra.sharma.CUSTOMER_000000305@shopsphere.example,9802787018
CUSTOMER_000000306,Vihaan,Thakur,vihaan.thakur.CUSTOMER_000000306@shopsphere.example,9979184348
CUSTOMER_000000307,Arjun,Naidu,arjun.naidu.CUSTOMER_000000307@shopsphere.example,9130046259
CUSTOMER_000000308,Siddharth,Gupta,siddharth.gupta.CUSTOMER_000000308@shopsphere.example,9829300222
CUSTOMER_000000309,Shreya,Krishnan,shreya.krishnan.CUSTOMER_000000309@shopsphere.example,9667296576
CUSTOMER_000000310,Meera,Sharma,meera.sharma.CUSTOMER_000000310@shopsphere.example,9943117199
CUSTOMER_000000311,Myra,Agarwal,myra.agarwal.CUSTOMER_000000311@shopsphere.example,9380254031
CUSTOMER_000000312,Priya,Agarwal,priya.agarwal.CUSTOMER_000000312@shopsphere.example,9751583205
CUSTOMER_000000313,Aditya,Iyer,aditya.iyer.CUSTOMER_000000313@shopsphere.example,9347877566
CUSTOMER_000000314,Ishaan,Deshmukh,ishaan.deshmukh.CUSTOMER_000000314@shopsphere.example,9223769405
CUSTOMER_000000315,Aryan,Tiwari,aryan.tiwari.CUSTOMER_000000315@shopsphere.example,9216269926
CUSTOMER_000000316,Tanya,Menon,tanya.menon.CUSTOMER_000000316@shopsphere.example,9703449661
CUSTOMER_000000317,Kabir,Mishra,kabir.mishra.CUSTOMER_000000317@shopsphere.example,9507186577
CUSTOMER_000000318,Ananya,Nair,ananya.nair.CUSTOMER_000000318@shopsphere.example,9632511419
CUSTOMER_000000319,Rohan,Dubey,rohan.dubey.CUSTOMER_000000319@shopsphere.example,9932368920
CUSTOMER_000000320,Shreya,Singh,shreya.singh.CUSTOMER_000000320@shopsphere.example,9275301201
CUSTOMER_000000321,Aditi,Nair,aditi.nair.CUSTOMER_000000321@shopsphere.example,9657190469
CUSTOMER_000000322,Aarav,Chauhan,aarav.chauhan.CUSTOMER_000000322@shopsphere.example,9982847950
CUSTOMER_000000323,Avni,Kapoor,avni.kapoor.CUSTOMER_000000323@shopsphere.example,9674315132
CUSTOMER_000000324,Simran,Sen,simran.sen.CUSTOMER_000000324@shopsphere.example,9471873380
CUSTOMER_000000325,Priya,Thakur,priya.thakur.CUSTOMER_000000325@shopsphere.example,9253486475
CUSTOMER_000000326,Myra,Kapoor,myra.kapoor.CUSTOMER_000000326@shopsphere.example,9984074658
CUSTOMER_000000327,Meera,Nair,meera.nair.CUSTOMER_000000327@shopsphere.example,9600074471
CUSTOMER_000000328,Simran,Tiwari,simran.tiwari.CUSTOMER_000000328@shopsphere.example,9288231263
CUSTOMER_000000329,Diya,Soni,diya.soni.CUSTOMER_000000329@shopsphere.example,9878079541
CUSTOMER_000000330,Aditi,Rao,aditi.rao.CUSTOMER_000000330@shopsphere.example,9173258664
CUSTOMER_000000331,Manav,Bansal,manav.bansal.CUSTOMER_000000331@shopsphere.example,9367482871
CUSTOMER_000000332,Varun,Agarwal,varun.agarwal.CUSTOMER_000000332@shopsphere.example,9576217648
CUSTOMER_000000333,Tanya,Das,tanya.das.CUSTOMER_000000333@shopsphere.example,9831853156
CUSTOMER_000000334,Karan,Kulkarni,karan.kulkarni.CUSTOMER_000000334@shopsphere.example,9725569737
CUSTOMER_000000335,Akash,Kumar,akash.kumar.CUSTOMER_000000335@shopsphere.example,9797074328
CUSTOMER_000000336,Diya,Pandey,diya.pandey.CUSTOMER_000000336@shopsphere.example,9648542092
CUSTOMER_000000337,Isha,Yadav,isha.yadav.CUSTOMER_000000337@shopsphere.example,9844835359
CUSTOMER_000000338,Myra,Reddy,myra.reddy.CUSTOMER_000000338@shopsphere.example,9545635665
CUSTOMER_000000339,Priya,Ghosh,priya.ghosh.CUSTOMER_000000339@shopsphere.example,9697203487
CUSTOMER_000000340,Riya,Kapoor,riya.kapoor.CUSTOMER_000000340@shopsphere.example,9766883995
CUSTOMER_000000341,Vivek,Chauhan,vivek.chauhan.CUSTOMER_000000341@shopsphere.example,9789187021
CUSTOMER_000000342,Rahul,Verma,rahul.verma.CUSTOMER_000000342@shopsphere.example,9820710985
CUSTOMER_000000343,Nikhil,Singh,nikhil.singh.CUSTOMER_000000343@shopsphere.example,9846783889
CUSTOMER_000000344,Nisha,Patel,nisha.patel.CUSTOMER_000000344@shopsphere.example,9819504320
CUSTOMER_000000345,Akash,Mishra,akash.mishra.CUSTOMER_000000345@shopsphere.example,9418948388
CUSTOMER_000000346,Kavya,Iyer,kavya.iyer.CUSTOMER_000000346@shopsphere.example,9443412163
CUSTOMER_000000347,Sara,Soni,sara.soni.CUSTOMER_000000347@shopsphere.example,9854574299
CUSTOMER_000000348,Ankit,Mukherjee,ankit.mukherjee.CUSTOMER_000000348@shopsphere.example,9867511473
CUSTOMER_000000349,Siddharth,Pandey,siddharth.pandey.CUSTOMER_000000349@shopsphere.example,9506218072
CUSTOMER_000000350,Sneha,Reddy,sneha.reddy.CUSTOMER_000000350@shopsphere.example,9203097446
CUSTOMER_000000351,Neha,Verma,neha.verma.CUSTOMER_000000351@shopsphere.example,9411081134
CUSTOMER_000000352,Siddharth,Thakur,siddharth.thakur.CUSTOMER_000000352@shopsphere.example,9916464033
CUSTOMER_000000353,Varun,Kapoor,varun.kapoor.CUSTOMER_000000353@shopsphere.example,9737005657
CUSTOMER_000000354,Sneha,Tiwari,sneha.tiwari.CUSTOMER_000000354@shopsphere.example,9973272351
CUSTOMER_000000355,Myra,Bansal,myra.bansal.CUSTOMER_000000355@shopsphere.example,9520116259
CUSTOMER_000000356,Mahi,Mehta,mahi.mehta.CUSTOMER_000000356@shopsphere.example,9749870673
CUSTOMER_000000357,Kabir,Yadav,kabir.yadav.CUSTOMER_000000357@shopsphere.example,9336373234
CUSTOMER_000000358,Raj,Saxena,raj.saxena.CUSTOMER_000000358@shopsphere.example,9147632569
CUSTOMER_000000359,Rohan,Patel,rohan.patel.CUSTOMER_000000359@shopsphere.example,9132664366
CUSTOMER_000000360,Akash,Banerjee,akash.banerjee.CUSTOMER_000000360@shopsphere.example,9456425975
CUSTOMER_000000361,Rohan,Naidu,rohan.naidu.CUSTOMER_000000361@shopsphere.example,9669707016
CUSTOMER_000000362,Yash,Pillai,yash.pillai.CUSTOMER_000000362@shopsphere.example,9501484824
CUSTOMER_000000363,Priya,Nair,priya.nair.CUSTOMER_000000363@shopsphere.example,9165680615
CUSTOMER_000000364,Priya,Mukherjee,priya.mukherjee.CUSTOMER_000000364@shopsphere.example,9539919686
CUSTOMER_000000365,Vivek,Malhotra,vivek.malhotra.CUSTOMER_000000365@shopsphere.example,9717265942
CUSTOMER_000000366,Sara,Saxena,sara.saxena.CUSTOMER_000000366@shopsphere.example,9916451607
CUSTOMER_000000367,Avni,Malhotra,avni.malhotra.CUSTOMER_000000367@shopsphere.example,9675180482
CUSTOMER_000000368,Karan,Menon,karan.menon.CUSTOMER_000000368@shopsphere.example,9931619611
CUSTOMER_000000369,Diya,Patel,diya.patel.CUSTOMER_000000369@shopsphere.example,9575912377
CUSTOMER_000000370,Pooja,Chauhan,pooja.chauhan.CUSTOMER_000000370@shopsphere.example,9757285239
CUSTOMER_000000371,Simran,Mehta,simran.mehta.CUSTOMER_000000371@shopsphere.example,9551300925
CUSTOMER_000000372,Dev,Bansal,dev.bansal.CUSTOMER_000000372@shopsphere.example,9577152064
CUSTOMER_000000373,Isha,Chopra,isha.chopra.CUSTOMER_000000373@shopsphere.example,9847547191
CUSTOMER_000000374,Aanya,Mishra,aanya.mishra.CUSTOMER_000000374@shopsphere.example,9138202185
CUSTOMER_000000375,Mahi,Nair,mahi.nair.CUSTOMER_000000375@shopsphere.example,9801467533
CUSTOMER_000000376,Varun,Verma,varun.verma.CUSTOMER_000000376@shopsphere.example,9101090642
CUSTOMER_000000377,Meera,Deshmukh,meera.deshmukh.CUSTOMER_000000377@shopsphere.example,9888863922
CUSTOMER_000000378,Myra,Saxena,myra.saxena.CUSTOMER_000000378@shopsphere.example,9516771793
CUSTOMER_000000379,Rahul,Agarwal,rahul.agarwal.CUSTOMER_000000379@shopsphere.example,9752324629
CUSTOMER_000000380,Simran,Chopra,simran.chopra.CUSTOMER_000000380@shopsphere.example,9232421982
CUSTOMER_000000381,Priya,Menon,priya.menon.CUSTOMER_000000381@shopsphere.example,9849311780
CUSTOMER_000000382,Pooja,Jain,pooja.jain.CUSTOMER_000000382@shopsphere.example,9123183178
CUSTOMER_000000383,Nikhil,Malhotra,nikhil.malhotra.CUSTOMER_000000383@shopsphere.example,9291681635
CUSTOMER_000000384,Yash,Sen,yash.sen.CUSTOMER_000000384@shopsphere.example,9404109879
CUSTOMER_000000385,Kavya,Agarwal,kavya.agarwal.CUSTOMER_000000385@shopsphere.example,9969789883
CUSTOMER_000000386,Siddharth,Sharma,siddharth.sharma.CUSTOMER_000000386@shopsphere.example,9602050247
CUSTOMER_000000387,Priya,Thakur,priya.thakur.CUSTOMER_000000387@shopsphere.example,9779203601
CUSTOMER_000000388,Riya,Joshi,riya.joshi.CUSTOMER_000000388@shopsphere.example,9460413684
CUSTOMER_000000389,Vihaan,Malhotra,vihaan.malhotra.CUSTOMER_000000389@shopsphere.example,9958544397
CUSTOMER_000000390,Diya,Mishra,diya.mishra.CUSTOMER_000000390@shopsphere.example,9572573635
CUSTOMER_000000391,Dev,Krishnan,dev.krishnan.CUSTOMER_000000391@shopsphere.example,9737519934
CUSTOMER_000000392,Aditi,Sen,aditi.sen.CUSTOMER_000000392@shopsphere.example,9693117811
CUSTOMER_000000393,Raj,Reddy,raj.reddy.CUSTOMER_000000393@shopsphere.example,9591950132
CUSTOMER_000000394,Dev,Verma,dev.verma.CUSTOMER_000000394@shopsphere.example,9315429855
CUSTOMER_000000395,Nikhil,Gupta,nikhil.gupta.CUSTOMER_000000395@shopsphere.example,9931859270
CUSTOMER_000000396,Isha,Iyer,isha.iyer.CUSTOMER_000000396@shopsphere.example,9159398438
CUSTOMER_000000397,Pooja,Das,pooja.das.CUSTOMER_000000397@shopsphere.example,9800392931
CUSTOMER_000000398,Nikhil,Bansal,nikhil.bansal.CUSTOMER_000000398@shopsphere.example,9511979281
CUSTOMER_000000399,Raj,Saxena,raj.saxena.CUSTOMER_000000399@shopsphere.example,9718710251
CUSTOMER_000000400,Priya,Chopra,priya.chopra.CUSTOMER_000000400@shopsphere.example,9386247526
CUSTOMER_000000401,Mahi,Agarwal,mahi.agarwal.CUSTOMER_000000401@shopsphere.example,9605000935
CUSTOMER_000000402,Nisha,Bansal,nisha.bansal.CUSTOMER_000000402@shopsphere.example,9289926121
CUSTOMER_000000403,Meera,Sen,meera.sen.CUSTOMER_000000403@shopsphere.example,9191740439
CUSTOMER_000000404,Varun,Yadav,varun.yadav.CUSTOMER_000000404@shopsphere.example,9432580640
CUSTOMER_000000405,Ishaan,Pandey,ishaan.pandey.CUSTOMER_000000405@shopsphere.example,9221995095
CUSTOMER_000000406,Aanya,Dubey,aanya.dubey.CUSTOMER_000000406@shopsphere.example,9325498088
CUSTOMER_000000407,Avni,Das,avni.das.CUSTOMER_000000407@shopsphere.example,9167736854
CUSTOMER_000000408,Simran,Kumar,simran.kumar.CUSTOMER_000000408@shopsphere.example,9494480289
CUSTOMER_000000409,Ankit,Patel,ankit.patel.CUSTOMER_000000409@shopsphere.example,9207349559
CUSTOMER_000000410,Vivek,Malhotra,vivek.malhotra.CUSTOMER_000000410@shopsphere.example,9267841193
CUSTOMER_000000411,Aanya,Dubey,aanya.dubey.CUSTOMER_000000411@shopsphere.example,9979611425
CUSTOMER_000000412,Kavya,Verma,kavya.verma.CUSTOMER_000000412@shopsphere.example,9541480273
CUSTOMER_000000413,Priya,Verma,priya.verma.CUSTOMER_000000413@shopsphere.example,9930151980
CUSTOMER_000000414,Dev,Kulkarni,dev.kulkarni.CUSTOMER_000000414@shopsphere.example,9965604383
CUSTOMER_000000415,Kavya,Reddy,kavya.reddy.CUSTOMER_000000415@shopsphere.example,9932497115
CUSTOMER_000000416,Kabir,Pillai,kabir.pillai.CUSTOMER_000000416@shopsphere.example,9821225683
CUSTOMER_000000417,Sara,Malhotra,sara.malhotra.CUSTOMER_000000417@shopsphere.example,9635414516
CUSTOMER_000000418,Arjun,Pandey,arjun.pandey.CUSTOMER_000000418@shopsphere.example,9430763235
CUSTOMER_000000419,Vihaan,Naidu,vihaan.naidu.CUSTOMER_000000419@shopsphere.example,9288260560
CUSTOMER_000000420,Arjun,Banerjee,arjun.banerjee.CUSTOMER_000000420@shopsphere.example,9144902634
CUSTOMER_000000421,Raj,Chopra,raj.chopra.CUSTOMER_000000421@shopsphere.example,9881537265
CUSTOMER_000000422,Nisha,Roy,nisha.roy.CUSTOMER_000000422@shopsphere.example,9740025694
CUSTOMER_000000423,Dev,Joshi,dev.joshi.CUSTOMER_000000423@shopsphere.example,9369592337
CUSTOMER_000000424,Ananya,Kumar,ananya.kumar.CUSTOMER_000000424@shopsphere.example,9610529502
CUSTOMER_000000425,Vihaan,Thakur,vihaan.thakur.CUSTOMER_000000425@shopsphere.example,9737575427
CUSTOMER_000000426,Meera,Kapoor,meera.kapoor.CUSTOMER_000000426@shopsphere.example,9303656029
CUSTOMER_000000427,Myra,Singh,myra.singh.CUSTOMER_000000427@shopsphere.example,9909381455
CUSTOMER_000000428,Ankit,Sharma,ankit.sharma.CUSTOMER_000000428@shopsphere.example,9496091360
CUSTOMER_000000429,Tanya,Mishra,tanya.mishra.CUSTOMER_000000429@shopsphere.example,9641737758
CUSTOMER_000000430,Kabir,Patel,kabir.patel.CUSTOMER_000000430@shopsphere.example,9856515378
CUSTOMER_000000431,Raj,Verma,raj.verma.CUSTOMER_000000431@shopsphere.example,9589291795
CUSTOMER_000000432,Akash,Krishnan,akash.krishnan.CUSTOMER_000000432@shopsphere.example,9984011096
CUSTOMER_000000433,Meera,Singh,meera.singh.CUSTOMER_000000433@shopsphere.example,9283381341
CUSTOMER_000000434,Riya,Dubey,riya.dubey.CUSTOMER_000000434@shopsphere.example,9474248348
CUSTOMER_000000435,Sara,Gupta,sara.gupta.CUSTOMER_000000435@shopsphere.example,9966942234
CUSTOMER_000000436,Aditi,Roy,aditi.roy.CUSTOMER_000000436@shopsphere.example,9902270027
CUSTOMER_000000437,Diya,Tiwari,diya.tiwari.CUSTOMER_000000437@shopsphere.example,9226803277
CUSTOMER_000000438,Arjun,Krishnan,arjun.krishnan.CUSTOMER_000000438@shopsphere.example,9126785702
CUSTOMER_000000439,Nisha,Agarwal,nisha.agarwal.CUSTOMER_000000439@shopsphere.example,9326310408
CUSTOMER_000000440,Isha,Sharma,isha.sharma.CUSTOMER_000000440@shopsphere.example,9943397805
CUSTOMER_000000441,Sara,Menon,sara.menon.CUSTOMER_000000441@shopsphere.example,9177253859
CUSTOMER_000000442,Kavya,Kumar,kavya.kumar.CUSTOMER_000000442@shopsphere.example,9360976801
CUSTOMER_000000443,Priya,Verma,priya.verma.CUSTOMER_000000443@shopsphere.example,9574317165
CUSTOMER_000000444,Ananya,Agarwal,ananya.agarwal.CUSTOMER_000000444@shopsphere.example,9720124854
CUSTOMER_000000445,Yash,Reddy,yash.reddy.CUSTOMER_000000445@shopsphere.example,9936407575
CUSTOMER_000000446,Ankit,Chopra,ankit.chopra.CUSTOMER_000000446@shopsphere.example,9465110976
CUSTOMER_000000447,Raj,Agarwal,raj.agarwal.CUSTOMER_000000447@shopsphere.example,9635203349
CUSTOMER_000000448,Vivek,Mehta,vivek.mehta.CUSTOMER_000000448@shopsphere.example,9171920251
CUSTOMER_000000449,Vihaan,Verma,vihaan.verma.CUSTOMER_000000449@shopsphere.example,9921194939
CUSTOMER_000000450,Avni,Banerjee,avni.banerjee.CUSTOMER_000000450@shopsphere.example,9761753710
CUSTOMER_000000451,Kavya,Dubey,kavya.dubey.CUSTOMER_000000451@shopsphere.example,9201681023
CUSTOMER_000000452,Vivek,Naidu,vivek.naidu.CUSTOMER_000000452@shopsphere.example,9264478307
CUSTOMER_000000453,Aanya,Thakur,aanya.thakur.CUSTOMER_000000453@shopsphere.example,9638046088
CUSTOMER_000000454,Nikhil,Chopra,nikhil.chopra.CUSTOMER_000000454@shopsphere.example,9221504488
CUSTOMER_000000455,Rahul,Patel,rahul.patel.CUSTOMER_000000455@shopsphere.example,9561373336
CUSTOMER_000000456,Aryan,Yadav,aryan.yadav.CUSTOMER_000000456@shopsphere.example,9417379160
CUSTOMER_000000457,Arjun,Kulkarni,arjun.kulkarni.CUSTOMER_000000457@shopsphere.example,9963336814
CUSTOMER_000000458,Yash,Rao,yash.rao.CUSTOMER_000000458@shopsphere.example,9572874067
CUSTOMER_000000459,Nisha,Pandey,nisha.pandey.CUSTOMER_000000459@shopsphere.example,9469867208
CUSTOMER_000000460,Isha,Patel,isha.patel.CUSTOMER_000000460@shopsphere.example,9308872687
CUSTOMER_000000461,Simran,Bansal,simran.bansal.CUSTOMER_000000461@shopsphere.example,9335010401
CUSTOMER_000000462,Varun,Reddy,varun.reddy.CUSTOMER_000000462@shopsphere.example,9156500255
CUSTOMER_000000463,Ananya,Rao,ananya.rao.CUSTOMER_000000463@shopsphere.example,9860169925
CUSTOMER_000000464,Vivek,Reddy,vivek.reddy.CUSTOMER_000000464@shopsphere.example,9385419590
CUSTOMER_000000465,Karan,Reddy,karan.reddy.CUSTOMER_000000465@shopsphere.example,9738026909
CUSTOMER_000000466,Meera,Banerjee,meera.banerjee.CUSTOMER_000000466@shopsphere.example,9862413347
CUSTOMER_000000467,Shreya,Chopra,shreya.chopra.CUSTOMER_000000467@shopsphere.example,9868894303
CUSTOMER_000000468,Dev,Pandey,dev.pandey.CUSTOMER_000000468@shopsphere.example,9382024116
CUSTOMER_000000469,Priya,Reddy,priya.reddy.CUSTOMER_000000469@shopsphere.example,9492637524
CUSTOMER_000000470,Meera,Shah,meera.shah.CUSTOMER_000000470@shopsphere.example,9534964827
CUSTOMER_000000471,Nisha,Deshmukh,nisha.deshmukh.CUSTOMER_000000471@shopsphere.example,9491749940
CUSTOMER_000000472,Isha,Kapoor,isha.kapoor.CUSTOMER_000000472@shopsphere.example,9357076059
CUSTOMER_000000473,Karan,Saxena,karan.saxena.CUSTOMER_000000473@shopsphere.example,9646468381
CUSTOMER_000000474,Isha,Malhotra,isha.malhotra.CUSTOMER_000000474@shopsphere.example,9703347564
CUSTOMER_000000475,Priya,Tiwari,priya.tiwari.CUSTOMER_000000475@shopsphere.example,9769751922
CUSTOMER_000000476,Myra,Kapoor,myra.kapoor.CUSTOMER_000000476@shopsphere.example,9528171974
CUSTOMER_000000477,Rahul,Mishra,rahul.mishra.CUSTOMER_000000477@shopsphere.example,9224525401
CUSTOMER_000000478,Avni,Saxena,avni.saxena.CUSTOMER_000000478@shopsphere.example,9320416964
CUSTOMER_000000479,Avni,Patel,avni.patel.CUSTOMER_000000479@shopsphere.example,9536133628
CUSTOMER_000000480,Arjun,Gupta,arjun.gupta.CUSTOMER_000000480@shopsphere.example,9144265403
CUSTOMER_000000481,Dev,Verma,dev.verma.CUSTOMER_000000481@shopsphere.example,9968762159
CUSTOMER_000000482,Kabir,Ghosh,kabir.ghosh.CUSTOMER_000000482@shopsphere.example,9876703823
CUSTOMER_000000483,Meera,Joshi,meera.joshi.CUSTOMER_000000483@shopsphere.example,9653811351
CUSTOMER_000000484,Kavya,Saxena,kavya.saxena.CUSTOMER_000000484@shopsphere.example,9562699483
CUSTOMER_000000485,Rohan,Bansal,rohan.bansal.CUSTOMER_000000485@shopsphere.example,9858250309
CUSTOMER_000000486,Vivek,Singh,vivek.singh.CUSTOMER_000000486@shopsphere.example,9732833980
CUSTOMER_000000487,Aarav,Pillai,aarav.pillai.CUSTOMER_000000487@shopsphere.example,9633820553
CUSTOMER_000000488,Shreya,Nair,shreya.nair.CUSTOMER_000000488@shopsphere.example,9572582115
CUSTOMER_000000489,Myra,Bansal,myra.bansal.CUSTOMER_000000489@shopsphere.example,9945043177
CUSTOMER_000000490,Riya,Rao,riya.rao.CUSTOMER_000000490@shopsphere.example,9671032200
CUSTOMER_000000491,Karan,Kumar,karan.kumar.CUSTOMER_000000491@shopsphere.example,9366214393
CUSTOMER_000000492,Sneha,Pillai,sneha.pillai.CUSTOMER_000000492@shopsphere.example,9216527007
CUSTOMER_000000493,Kavya,Chopra,kavya.chopra.CUSTOMER_000000493@shopsphere.example,9883505027
CUSTOMER_000000494,Dev,Reddy,dev.reddy.CUSTOMER_000000494@shopsphere.example,9516893904
CUSTOMER_000000495,Raj,Pillai,raj.pillai.CUSTOMER_000000495@shopsphere.example,9375729789
CUSTOMER_000000496,Siddharth,Mehta,siddharth.mehta.CUSTOMER_000000496@shopsphere.example,9405197640
CUSTOMER_000000497,Akash,Kumar,akash.kumar.CUSTOMER_000000497@shopsphere.example,9730316676
CUSTOMER_000000498,Ankit,Verma,ankit.verma.CUSTOMER_000000498@shopsphere.example,9605109420
CUSTOMER_000000499,Aanya,Deshmukh,aanya.deshmukh.CUSTOMER_000000499@shopsphere.example,9172140710
CUSTOMER_000000500,Karan,Kulkarni,karan.kulkarni.CUSTOMER_000000500@shopsphere.example,9274582038
CUSTOMER_000000501,Priya,Ghosh,priya.ghosh.CUSTOMER_000000501@shopsphere.example,9132540530
CUSTOMER_000000502,Yash,Malhotra,yash.malhotra.CUSTOMER_000000502@shopsphere.example,9408183739
CUSTOMER_000000503,Vihaan,Thakur,vihaan.thakur.CUSTOMER_000000503@shopsphere.example,9520240731
CUSTOMER_000000504,Aditya,Chauhan,aditya.chauhan.CUSTOMER_000000504@shopsphere.example,9278480615
CUSTOMER_000000505,Simran,Joshi,simran.joshi.CUSTOMER_000000505@shopsphere.example,9297148820
CUSTOMER_000000506,Sneha,Pandey,sneha.pandey.CUSTOMER_000000506@shopsphere.example,9197203428
CUSTOMER_000000507,Aryan,Saxena,aryan.saxena.CUSTOMER_000000507@shopsphere.example,9307219544
CUSTOMER_000000508,Ananya,Banerjee,ananya.banerjee.CUSTOMER_000000508@shopsphere.example,9799369862
CUSTOMER_000000509,Vihaan,Sharma,vihaan.sharma.CUSTOMER_000000509@shopsphere.example,9931152633
CUSTOMER_000000510,Akash,Agarwal,akash.agarwal.CUSTOMER_000000510@shopsphere.example,9404013920
CUSTOMER_000000511,Yash,Kapoor,yash.kapoor.CUSTOMER_000000511@shopsphere.example,9613566989
CUSTOMER_000000512,Shreya,Mehta,shreya.mehta.CUSTOMER_000000512@shopsphere.example,9989620415
CUSTOMER_000000513,Avni,Mukherjee,avni.mukherjee.CUSTOMER_000000513@shopsphere.example,9695520576
CUSTOMER_000000514,Avni,Naidu,avni.naidu.CUSTOMER_000000514@shopsphere.example,9859701296
CUSTOMER_000000515,Pooja,Pandey,pooja.pandey.CUSTOMER_000000515@shopsphere.example,9945167457
CUSTOMER_000000516,Vivek,Krishnan,vivek.krishnan.CUSTOMER_000000516@shopsphere.example,9902325994
CUSTOMER_000000517,Diya,Pandey,diya.pandey.CUSTOMER_000000517@shopsphere.example,9424237352
CUSTOMER_000000518,Aditi,Ghosh,aditi.ghosh.CUSTOMER_000000518@shopsphere.example,9802120322
CUSTOMER_000000519,Rahul,Verma,rahul.verma.CUSTOMER_000000519@shopsphere.example,9681333418
CUSTOMER_000000520,Varun,Roy,varun.roy.CUSTOMER_000000520@shopsphere.example,9448119110
CUSTOMER_000000521,Aanya,Saxena,aanya.saxena.CUSTOMER_000000521@shopsphere.example,9627948461
CUSTOMER_000000522,Isha,Tiwari,isha.tiwari.CUSTOMER_000000522@shopsphere.example,9599857677
CUSTOMER_000000523,Kabir,Nair,kabir.nair.CUSTOMER_000000523@shopsphere.example,9265331630
CUSTOMER_000000524,Aryan,Kulkarni,aryan.kulkarni.CUSTOMER_000000524@shopsphere.example,9175489726
CUSTOMER_000000525,Sara,Mehta,sara.mehta.CUSTOMER_000000525@shopsphere.example,9943167209
CUSTOMER_000000526,Nikhil,Shah,nikhil.shah.CUSTOMER_000000526@shopsphere.example,9728848447
CUSTOMER_000000527,Aryan,Ghosh,aryan.ghosh.CUSTOMER_000000527@shopsphere.example,9787224780
CUSTOMER_000000528,Ananya,Thakur,ananya.thakur.CUSTOMER_000000528@shopsphere.example,9453771426
CUSTOMER_000000529,Sneha,Naidu,sneha.naidu.CUSTOMER_000000529@shopsphere.example,9395190218
CUSTOMER_000000530,Nisha,Jain,nisha.jain.CUSTOMER_000000530@shopsphere.example,9273169375
CUSTOMER_000000531,Shreya,Kulkarni,shreya.kulkarni.CUSTOMER_000000531@shopsphere.example,9203146033
CUSTOMER_000000532,Yash,Thakur,yash.thakur.CUSTOMER_000000532@shopsphere.example,9991205485
CUSTOMER_000000533,Yash,Yadav,yash.yadav.CUSTOMER_000000533@shopsphere.example,9682550549
CUSTOMER_000000534,Myra,Yadav,myra.yadav.CUSTOMER_000000534@shopsphere.example,9656840312
CUSTOMER_000000535,Ankit,Jain,ankit.jain.CUSTOMER_000000535@shopsphere.example,9761534014
CUSTOMER_000000536,Kavya,Patel,kavya.patel.CUSTOMER_000000536@shopsphere.example,9764516105
CUSTOMER_000000537,Aditi,Joshi,aditi.joshi.CUSTOMER_000000537@shopsphere.example,9835241581
CUSTOMER_000000538,Varun,Joshi,varun.joshi.CUSTOMER_000000538@shopsphere.example,9982604899
CUSTOMER_000000539,Nikhil,Naidu,nikhil.naidu.CUSTOMER_000000539@shopsphere.example,9107529354
CUSTOMER_000000540,Kabir,Pandey,kabir.pandey.CUSTOMER_000000540@shopsphere.example,9144542533
CUSTOMER_000000541,Ishaan,Pillai,ishaan.pillai.CUSTOMER_000000541@shopsphere.example,9814434944
CUSTOMER_000000542,Aditya,Pillai,aditya.pillai.CUSTOMER_000000542@shopsphere.example,9519987922
CUSTOMER_000000543,Simran,Deshmukh,simran.deshmukh.CUSTOMER_000000543@shopsphere.example,9512121707
CUSTOMER_000000544,Sara,Rao,sara.rao.CUSTOMER_000000544@shopsphere.example,9530512611
CUSTOMER_000000545,Isha,Gupta,isha.gupta.CUSTOMER_000000545@shopsphere.example,9879633998
CUSTOMER_000000546,Sneha,Sharma,sneha.sharma.CUSTOMER_000000546@shopsphere.example,9391838280
CUSTOMER_000000547,Priya,Sen,priya.sen.CUSTOMER_000000547@shopsphere.example,9257872221
CUSTOMER_000000548,Sneha,Nair,sneha.nair.CUSTOMER_000000548@shopsphere.example,9444778100
CUSTOMER_000000549,Aditya,Chauhan,aditya.chauhan.CUSTOMER_000000549@shopsphere.example,9563488419
CUSTOMER_000000550,Dev,Bansal,dev.bansal.CUSTOMER_000000550@shopsphere.example,9969578393
CUSTOMER_000000551,Nikhil,Iyer,nikhil.iyer.CUSTOMER_000000551@shopsphere.example,9310875009
CUSTOMER_000000552,Vihaan,Das,vihaan.das.CUSTOMER_000000552@shopsphere.example,9443674812
CUSTOMER_000000553,Ishaan,Singh,ishaan.singh.CUSTOMER_000000553@shopsphere.example,9752218143
CUSTOMER_000000554,Isha,Verma,isha.verma.CUSTOMER_000000554@shopsphere.example,9675301574
CUSTOMER_000000555,Nikhil,Das,nikhil.das.CUSTOMER_000000555@shopsphere.example,9672398525
CUSTOMER_000000556,Arjun,Shah,arjun.shah.CUSTOMER_000000556@shopsphere.example,9196449340
CUSTOMER_000000557,Priya,Nair,priya.nair.CUSTOMER_000000557@shopsphere.example,9111600643
CUSTOMER_000000558,Aditi,Dubey,aditi.dubey.CUSTOMER_000000558@shopsphere.example,9602624849
CUSTOMER_000000559,Varun,Tiwari,varun.tiwari.CUSTOMER_000000559@shopsphere.example,9307523855
CUSTOMER_000000560,Shreya,Mehta,shreya.mehta.CUSTOMER_000000560@shopsphere.example,9133253273
CUSTOMER_000000561,Nisha,Reddy,nisha.reddy.CUSTOMER_000000561@shopsphere.example,9412221084
CUSTOMER_000000562,Ananya,Yadav,ananya.yadav.CUSTOMER_000000562@shopsphere.example,9383299083
CUSTOMER_000000563,Tanya,Mishra,tanya.mishra.CUSTOMER_000000563@shopsphere.example,9189639323
CUSTOMER_000000564,Yash,Deshmukh,yash.deshmukh.CUSTOMER_000000564@shopsphere.example,9212186218
CUSTOMER_000000565,Tanya,Joshi,tanya.joshi.CUSTOMER_000000565@shopsphere.example,9571821897
CUSTOMER_000000566,Myra,Das,myra.das.CUSTOMER_000000566@shopsphere.example,9416923571
CUSTOMER_000000567,Akash,Tiwari,akash.tiwari.CUSTOMER_000000567@shopsphere.example,9303558726
CUSTOMER_000000568,Nisha,Naidu,nisha.naidu.CUSTOMER_000000568@shopsphere.example,9289182776
CUSTOMER_000000569,Siddharth,Singh,siddharth.singh.CUSTOMER_000000569@shopsphere.example,9352130316
CUSTOMER_000000570,Arjun,Roy,arjun.roy.CUSTOMER_000000570@shopsphere.example,9201746747
CUSTOMER_000000571,Manav,Roy,manav.roy.CUSTOMER_000000571@shopsphere.example,9854372266
CUSTOMER_000000572,Diya,Soni,diya.soni.CUSTOMER_000000572@shopsphere.example,9474698347
CUSTOMER_000000573,Akash,Bansal,akash.bansal.CUSTOMER_000000573@shopsphere.example,9698704496
CUSTOMER_000000574,Manav,Malhotra,manav.malhotra.CUSTOMER_000000574@shopsphere.example,9403610186
CUSTOMER_000000575,Arjun,Yadav,arjun.yadav.CUSTOMER_000000575@shopsphere.example,9296828657
CUSTOMER_000000576,Ishaan,Pillai,ishaan.pillai.CUSTOMER_000000576@shopsphere.example,9874505643
CUSTOMER_000000577,Sneha,Verma,sneha.verma.CUSTOMER_000000577@shopsphere.example,9107507942
CUSTOMER_000000578,Sneha,Pandey,sneha.pandey.CUSTOMER_000000578@shopsphere.example,9247845453
CUSTOMER_000000579,Ishaan,Menon,ishaan.menon.CUSTOMER_000000579@shopsphere.example,9252777195
CUSTOMER_000000580,Vivek,Sen,vivek.sen.CUSTOMER_000000580@shopsphere.example,9953136274
CUSTOMER_000000581,Karan,Deshmukh,karan.deshmukh.CUSTOMER_000000581@shopsphere.example,9210995754
CUSTOMER_000000582,Mahi,Banerjee,mahi.banerjee.CUSTOMER_000000582@shopsphere.example,9752692906
CUSTOMER_000000583,Akash,Naidu,akash.naidu.CUSTOMER_000000583@shopsphere.example,9862028857
CUSTOMER_000000584,Dev,Menon,dev.menon.CUSTOMER_000000584@shopsphere.example,9517502711
CUSTOMER_000000585,Siddharth,Mehta,siddharth.mehta.CUSTOMER_000000585@shopsphere.example,9157094898
CUSTOMER_000000586,Riya,Gupta,riya.gupta.CUSTOMER_000000586@shopsphere.example,9154768145
CUSTOMER_000000587,Aditi,Dubey,aditi.dubey.CUSTOMER_000000587@shopsphere.example,9149157487
CUSTOMER_000000588,Avni,Saxena,avni.saxena.CUSTOMER_000000588@shopsphere.example,9897066459
CUSTOMER_000000589,Aditya,Saxena,aditya.saxena.CUSTOMER_000000589@shopsphere.example,9819098081
CUSTOMER_000000590,Mahi,Agarwal,mahi.agarwal.CUSTOMER_000000590@shopsphere.example,9326616434
CUSTOMER_000000591,Sara,Mukherjee,sara.mukherjee.CUSTOMER_000000591@shopsphere.example,9541409981
CUSTOMER_000000592,Vihaan,Roy,vihaan.roy.CUSTOMER_000000592@shopsphere.example,9258821069
CUSTOMER_000000593,Aarav,Jain,aarav.jain.CUSTOMER_000000593@shopsphere.example,9609685476
CUSTOMER_000000594,Tanya,Kulkarni,tanya.kulkarni.CUSTOMER_000000594@shopsphere.example,9953946904
CUSTOMER_000000595,Arjun,Pillai,arjun.pillai.CUSTOMER_000000595@shopsphere.example,9592120981
CUSTOMER_000000596,Ishaan,Reddy,ishaan.reddy.CUSTOMER_000000596@shopsphere.example,9823764937
CUSTOMER_000000597,Rohan,Iyer,rohan.iyer.CUSTOMER_000000597@shopsphere.example,9313361017
CUSTOMER_000000598,Yash,Tiwari,yash.tiwari.CUSTOMER_000000598@shopsphere.example,9986559442
CUSTOMER_000000599,Nikhil,Singh,nikhil.singh.CUSTOMER_000000599@shopsphere.example,9620017079
CUSTOMER_000000600,Tanya,Kulkarni,tanya.kulkarni.CUSTOMER_000000600@shopsphere.example,9877407326
CUSTOMER_000000601,Aryan,Mehta,aryan.mehta.CUSTOMER_000000601@shopsphere.example,9117766025
CUSTOMER_000000602,Aditya,Yadav,aditya.yadav.CUSTOMER_000000602@shopsphere.example,9707705428
CUSTOMER_000000603,Manav,Kulkarni,manav.kulkarni.CUSTOMER_000000603@shopsphere.example,9452083102
CUSTOMER_000000604,Ananya,Kapoor,ananya.kapoor.CUSTOMER_000000604@shopsphere.example,9242939649
CUSTOMER_000000605,Vivek,Patel,vivek.patel.CUSTOMER_000000605@shopsphere.example,9229567583
CUSTOMER_000000606,Dev,Chauhan,dev.chauhan.CUSTOMER_000000606@shopsphere.example,9628491691
CUSTOMER_000000607,Nikhil,Verma,nikhil.verma.CUSTOMER_000000607@shopsphere.example,9189163793
CUSTOMER_000000608,Diya,Gupta,diya.gupta.CUSTOMER_000000608@shopsphere.example,9258312291
CUSTOMER_000000609,Avni,Sen,avni.sen.CUSTOMER_000000609@shopsphere.example,9413994113
CUSTOMER_000000610,Aditya,Das,aditya.das.CUSTOMER_000000610@shopsphere.example,9639824064
CUSTOMER_000000611,Ishaan,Iyer,ishaan.iyer.CUSTOMER_000000611@shopsphere.example,9767878572
CUSTOMER_000000612,Kavya,Gupta,kavya.gupta.CUSTOMER_000000612@shopsphere.example,9880075563
CUSTOMER_000000613,Sara,Yadav,sara.yadav.CUSTOMER_000000613@shopsphere.example,9445675020
CUSTOMER_000000614,Avni,Joshi,avni.joshi.CUSTOMER_000000614@shopsphere.example,9533386398
CUSTOMER_000000615,Sneha,Roy,sneha.roy.CUSTOMER_000000615@shopsphere.example,9730005576
CUSTOMER_000000616,Riya,Shah,riya.shah.CUSTOMER_000000616@shopsphere.example,9617076851
CUSTOMER_000000617,Rahul,Reddy,rahul.reddy.CUSTOMER_000000617@shopsphere.example,9401660811
CUSTOMER_000000618,Varun,Ghosh,varun.ghosh.CUSTOMER_000000618@shopsphere.example,9482025630
CUSTOMER_000000619,Isha,Reddy,isha.reddy.CUSTOMER_000000619@shopsphere.example,9622411567
CUSTOMER_000000620,Priya,Chauhan,priya.chauhan.CUSTOMER_000000620@shopsphere.example,9684297853
CUSTOMER_000000621,Yash,Chopra,yash.chopra.CUSTOMER_000000621@shopsphere.example,9716170161
CUSTOMER_000000622,Pooja,Chopra,pooja.chopra.CUSTOMER_000000622@shopsphere.example,9701600268
CUSTOMER_000000623,Aarav,Patel,aarav.patel.CUSTOMER_000000623@shopsphere.example,9172076935
CUSTOMER_000000624,Vihaan,Jain,vihaan.jain.CUSTOMER_000000624@shopsphere.example,9327786991
CUSTOMER_000000625,Rohan,Kapoor,rohan.kapoor.CUSTOMER_000000625@shopsphere.example,9876955779
CUSTOMER_000000626,Manav,Gupta,manav.gupta.CUSTOMER_000000626@shopsphere.example,9399532998
CUSTOMER_000000627,Riya,Sharma,riya.sharma.CUSTOMER_000000627@shopsphere.example,9681344601
CUSTOMER_000000628,Avni,Malhotra,avni.malhotra.CUSTOMER_000000628@shopsphere.example,9140788720
CUSTOMER_000000629,Pooja,Mishra,pooja.mishra.CUSTOMER_000000629@shopsphere.example,9345913887
CUSTOMER_000000630,Pooja,Kumar,pooja.kumar.CUSTOMER_000000630@shopsphere.example,9363956560
CUSTOMER_000000631,Neha,Soni,neha.soni.CUSTOMER_000000631@shopsphere.example,9238903568
CUSTOMER_000000632,Aditi,Singh,aditi.singh.CUSTOMER_000000632@shopsphere.example,9705910767
CUSTOMER_000000633,Aarav,Chopra,aarav.chopra.CUSTOMER_000000633@shopsphere.example,9922180788
CUSTOMER_000000634,Sneha,Deshmukh,sneha.deshmukh.CUSTOMER_000000634@shopsphere.example,9788802613
CUSTOMER_000000635,Sneha,Agarwal,sneha.agarwal.CUSTOMER_000000635@shopsphere.example,9994578949
CUSTOMER_000000636,Siddharth,Mehta,siddharth.mehta.CUSTOMER_000000636@shopsphere.example,9933602817
CUSTOMER_000000637,Aryan,Shah,aryan.shah.CUSTOMER_000000637@shopsphere.example,9678669528
CUSTOMER_000000638,Mahi,Soni,mahi.soni.CUSTOMER_000000638@shopsphere.example,9961256073
CUSTOMER_000000639,Vivek,Shah,vivek.shah.CUSTOMER_000000639@shopsphere.example,9910479257
CUSTOMER_000000640,Isha,Kumar,isha.kumar.CUSTOMER_000000640@shopsphere.example,9609178469
CUSTOMER_000000641,Sneha,Das,sneha.das.CUSTOMER_000000641@shopsphere.example,9312823188
CUSTOMER_000000642,Vivek,Das,vivek.das.CUSTOMER_000000642@shopsphere.example,9632474165
CUSTOMER_000000643,Pooja,Mehta,pooja.mehta.CUSTOMER_000000643@shopsphere.example,9561688529
CUSTOMER_000000644,Meera,Sen,meera.sen.CUSTOMER_000000644@shopsphere.example,9112933588
CUSTOMER_000000645,Aarav,Nair,aarav.nair.CUSTOMER_000000645@shopsphere.example,9271610807
CUSTOMER_000000646,Pooja,Krishnan,pooja.krishnan.CUSTOMER_000000646@shopsphere.example,9233598495
CUSTOMER_000000647,Sneha,Gupta,sneha.gupta.CUSTOMER_000000647@shopsphere.example,9971213079
CUSTOMER_000000648,Mahi,Kumar,mahi.kumar.CUSTOMER_000000648@shopsphere.example,9146777826
CUSTOMER_000000649,Nikhil,Sharma,nikhil.sharma.CUSTOMER_000000649@shopsphere.example,9253277137
CUSTOMER_000000650,Neha,Ghosh,neha.ghosh.CUSTOMER_000000650@shopsphere.example,9276508013
CUSTOMER_000000651,Aditya,Sen,aditya.sen.CUSTOMER_000000651@shopsphere.example,9583293892
CUSTOMER_000000652,Aryan,Tiwari,aryan.tiwari.CUSTOMER_000000652@shopsphere.example,9613279830
CUSTOMER_000000653,Meera,Verma,meera.verma.CUSTOMER_000000653@shopsphere.example,9473430202
CUSTOMER_000000654,Nisha,Reddy,nisha.reddy.CUSTOMER_000000654@shopsphere.example,9360840112
CUSTOMER_000000655,Karan,Jain,karan.jain.CUSTOMER_000000655@shopsphere.example,9482703513
CUSTOMER_000000656,Varun,Agarwal,varun.agarwal.CUSTOMER_000000656@shopsphere.example,9790648672
CUSTOMER_000000657,Vihaan,Kulkarni,vihaan.kulkarni.CUSTOMER_000000657@shopsphere.example,9610446152
CUSTOMER_000000658,Vivek,Malhotra,vivek.malhotra.CUSTOMER_000000658@shopsphere.example,9846409149
CUSTOMER_000000659,Yash,Mehta,yash.mehta.CUSTOMER_000000659@shopsphere.example,9364237753
CUSTOMER_000000660,Aditi,Rao,aditi.rao.CUSTOMER_000000660@shopsphere.example,9902595018
CUSTOMER_000000661,Meera,Kulkarni,meera.kulkarni.CUSTOMER_000000661@shopsphere.example,9884887112
CUSTOMER_000000662,Kabir,Mukherjee,kabir.mukherjee.CUSTOMER_000000662@shopsphere.example,9809563783
CUSTOMER_000000663,Meera,Singh,meera.singh.CUSTOMER_000000663@shopsphere.example,9474432537
CUSTOMER_000000664,Ananya,Gupta,ananya.gupta.CUSTOMER_000000664@shopsphere.example,9891166269
CUSTOMER_000000665,Meera,Kulkarni,meera.kulkarni.CUSTOMER_000000665@shopsphere.example,9647532207
CUSTOMER_000000666,Myra,Agarwal,myra.agarwal.CUSTOMER_000000666@shopsphere.example,9452283939
CUSTOMER_000000667,Ishaan,Menon,ishaan.menon.CUSTOMER_000000667@shopsphere.example,9535435044
CUSTOMER_000000668,Sneha,Chopra,sneha.chopra.CUSTOMER_000000668@shopsphere.example,9960954869
CUSTOMER_000000669,Aryan,Chopra,aryan.chopra.CUSTOMER_000000669@shopsphere.example,9422813526
CUSTOMER_000000670,Riya,Bansal,riya.bansal.CUSTOMER_000000670@shopsphere.example,9413808107
CUSTOMER_000000671,Rohan,Mishra,rohan.mishra.CUSTOMER_000000671@shopsphere.example,9183799614
CUSTOMER_000000672,Sneha,Chopra,sneha.chopra.CUSTOMER_000000672@shopsphere.example,9576777239
CUSTOMER_000000673,Karan,Mishra,karan.mishra.CUSTOMER_000000673@shopsphere.example,9855893887
CUSTOMER_000000674,Diya,Joshi,diya.joshi.CUSTOMER_000000674@shopsphere.example,9383817493
CUSTOMER_000000675,Pooja,Banerjee,pooja.banerjee.CUSTOMER_000000675@shopsphere.example,9900954971
CUSTOMER_000000676,Rahul,Sharma,rahul.sharma.CUSTOMER_000000676@shopsphere.example,9189537668
CUSTOMER_000000677,Sara,Dubey,sara.dubey.CUSTOMER_000000677@shopsphere.example,9325815790
CUSTOMER_000000678,Pooja,Yadav,pooja.yadav.CUSTOMER_000000678@shopsphere.example,9840933780
CUSTOMER_000000679,Tanya,Soni,tanya.soni.CUSTOMER_000000679@shopsphere.example,9671566773
CUSTOMER_000000680,Aditya,Ghosh,aditya.ghosh.CUSTOMER_000000680@shopsphere.example,9786759846
CUSTOMER_000000681,Varun,Joshi,varun.joshi.CUSTOMER_000000681@shopsphere.example,9840246276
CUSTOMER_000000682,Dev,Sen,dev.sen.CUSTOMER_000000682@shopsphere.example,9542452984
CUSTOMER_000000683,Meera,Banerjee,meera.banerjee.CUSTOMER_000000683@shopsphere.example,9329814356
CUSTOMER_000000684,Arjun,Dubey,arjun.dubey.CUSTOMER_000000684@shopsphere.example,9629705532
CUSTOMER_000000685,Vivek,Das,vivek.das.CUSTOMER_000000685@shopsphere.example,9734277249
CUSTOMER_000000686,Meera,Pandey,meera.pandey.CUSTOMER_000000686@shopsphere.example,9793701059
CUSTOMER_000000687,Ananya,Sharma,ananya.sharma.CUSTOMER_000000687@shopsphere.example,9969685574
CUSTOMER_000000688,Ishaan,Mukherjee,ishaan.mukherjee.CUSTOMER_000000688@shopsphere.example,9374064460
CUSTOMER_000000689,Arjun,Gupta,arjun.gupta.CUSTOMER_000000689@shopsphere.example,9386703697
CUSTOMER_000000690,Isha,Kulkarni,isha.kulkarni.CUSTOMER_000000690@shopsphere.example,9785270860
CUSTOMER_000000691,Aditya,Sen,aditya.sen.CUSTOMER_000000691@shopsphere.example,9814487058
CUSTOMER_000000692,Rahul,Kulkarni,rahul.kulkarni.CUSTOMER_000000692@shopsphere.example,9511111165
CUSTOMER_000000693,Nikhil,Das,nikhil.das.CUSTOMER_000000693@shopsphere.example,9890403891
CUSTOMER_000000694,Aarav,Tiwari,aarav.tiwari.CUSTOMER_000000694@shopsphere.example,9858714232
CUSTOMER_000000695,Akash,Gupta,akash.gupta.CUSTOMER_000000695@shopsphere.example,9626946758
CUSTOMER_000000696,Aarav,Saxena,aarav.saxena.CUSTOMER_000000696@shopsphere.example,9339218766
CUSTOMER_000000697,Akash,Nair,akash.nair.CUSTOMER_000000697@shopsphere.example,9740915168
CUSTOMER_000000698,Priya,Iyer,priya.iyer.CUSTOMER_000000698@shopsphere.example,9673130304
CUSTOMER_000000699,Meera,Deshmukh,meera.deshmukh.CUSTOMER_000000699@shopsphere.example,9423062515
CUSTOMER_000000700,Ishaan,Malhotra,ishaan.malhotra.CUSTOMER_000000700@shopsphere.example,9457547857
CUSTOMER_000000701,Myra,Verma,myra.verma.CUSTOMER_000000701@shopsphere.example,9229728599
CUSTOMER_000000702,Aditya,Kapoor,aditya.kapoor.CUSTOMER_000000702@shopsphere.example,9383016668
CUSTOMER_000000703,Manav,Kulkarni,manav.kulkarni.CUSTOMER_000000703@shopsphere.example,9123949231
CUSTOMER_000000704,Akash,Shah,akash.shah.CUSTOMER_000000704@shopsphere.example,9642396499
CUSTOMER_000000705,Pooja,Banerjee,pooja.banerjee.CUSTOMER_000000705@shopsphere.example,9675329572
CUSTOMER_000000706,Mahi,Shah,mahi.shah.CUSTOMER_000000706@shopsphere.example,9354485408
CUSTOMER_000000707,Priya,Pillai,priya.pillai.CUSTOMER_000000707@shopsphere.example,9657485657
CUSTOMER_000000708,Diya,Sharma,diya.sharma.CUSTOMER_000000708@shopsphere.example,9776269492
CUSTOMER_000000709,Mahi,Shah,mahi.shah.CUSTOMER_000000709@shopsphere.example,9257137221
CUSTOMER_000000710,Priya,Yadav,priya.yadav.CUSTOMER_000000710@shopsphere.example,9895266788
CUSTOMER_000000711,Sara,Kumar,sara.kumar.CUSTOMER_000000711@shopsphere.example,9599936596
CUSTOMER_000000712,Neha,Sen,neha.sen.CUSTOMER_000000712@shopsphere.example,9551358918
CUSTOMER_000000713,Sneha,Mishra,sneha.mishra.CUSTOMER_000000713@shopsphere.example,9435916009
CUSTOMER_000000714,Nisha,Chopra,nisha.chopra.CUSTOMER_000000714@shopsphere.example,9807014912
CUSTOMER_000000715,Neha,Kapoor,neha.kapoor.CUSTOMER_000000715@shopsphere.example,9836008996
CUSTOMER_000000716,Simran,Agarwal,simran.agarwal.CUSTOMER_000000716@shopsphere.example,9342465209
CUSTOMER_000000717,Mahi,Kapoor,mahi.kapoor.CUSTOMER_000000717@shopsphere.example,9930658118
CUSTOMER_000000718,Siddharth,Iyer,siddharth.iyer.CUSTOMER_000000718@shopsphere.example,9797537810
CUSTOMER_000000719,Nisha,Mukherjee,nisha.mukherjee.CUSTOMER_000000719@shopsphere.example,9806347039
CUSTOMER_000000720,Shreya,Ghosh,shreya.ghosh.CUSTOMER_000000720@shopsphere.example,9884438266
CUSTOMER_000000721,Riya,Bansal,riya.bansal.CUSTOMER_000000721@shopsphere.example,9750343378
CUSTOMER_000000722,Akash,Bansal,akash.bansal.CUSTOMER_000000722@shopsphere.example,9393702136
CUSTOMER_000000723,Myra,Thakur,myra.thakur.CUSTOMER_000000723@shopsphere.example,9120075539
CUSTOMER_000000724,Varun,Soni,varun.soni.CUSTOMER_000000724@shopsphere.example,9778985369
CUSTOMER_000000725,Ananya,Sharma,ananya.sharma.CUSTOMER_000000725@shopsphere.example,9541164573
CUSTOMER_000000726,Aryan,Iyer,aryan.iyer.CUSTOMER_000000726@shopsphere.example,9100390289
CUSTOMER_000000727,Aditi,Gupta,aditi.gupta.CUSTOMER_000000727@shopsphere.example,9912463245
CUSTOMER_000000728,Myra,Nair,myra.nair.CUSTOMER_000000728@shopsphere.example,9458364534
CUSTOMER_000000729,Rohan,Krishnan,rohan.krishnan.CUSTOMER_000000729@shopsphere.example,9287811209
CUSTOMER_000000730,Aryan,Mishra,aryan.mishra.CUSTOMER_000000730@shopsphere.example,9982619949
CUSTOMER_000000731,Aanya,Pandey,aanya.pandey.CUSTOMER_000000731@shopsphere.example,9144653456
CUSTOMER_000000732,Manav,Kapoor,manav.kapoor.CUSTOMER_000000732@shopsphere.example,9370349599
CUSTOMER_000000733,Kabir,Iyer,kabir.iyer.CUSTOMER_000000733@shopsphere.example,9235095588
CUSTOMER_000000734,Ishaan,Bansal,ishaan.bansal.CUSTOMER_000000734@shopsphere.example,9937426883
CUSTOMER_000000735,Diya,Agarwal,diya.agarwal.CUSTOMER_000000735@shopsphere.example,9215473761
CUSTOMER_000000736,Dev,Reddy,dev.reddy.CUSTOMER_000000736@shopsphere.example,9130106162
CUSTOMER_000000737,Varun,Nair,varun.nair.CUSTOMER_000000737@shopsphere.example,9731929923
CUSTOMER_000000738,Kabir,Yadav,kabir.yadav.CUSTOMER_000000738@shopsphere.example,9362041525
CUSTOMER_000000739,Myra,Dubey,myra.dubey.CUSTOMER_000000739@shopsphere.example,9540209039
CUSTOMER_000000740,Ishaan,Thakur,ishaan.thakur.CUSTOMER_000000740@shopsphere.example,9323687878
CUSTOMER_000000741,Neha,Verma,neha.verma.CUSTOMER_000000741@shopsphere.example,9815760131
CUSTOMER_000000742,Shreya,Kapoor,shreya.kapoor.CUSTOMER_000000742@shopsphere.example,9318949309
CUSTOMER_000000743,Aditi,Kulkarni,aditi.kulkarni.CUSTOMER_000000743@shopsphere.example,9348091145
CUSTOMER_000000744,Diya,Roy,diya.roy.CUSTOMER_000000744@shopsphere.example,9321402706
CUSTOMER_000000745,Varun,Agarwal,varun.agarwal.CUSTOMER_000000745@shopsphere.example,9247973488
CUSTOMER_000000746,Simran,Ghosh,simran.ghosh.CUSTOMER_000000746@shopsphere.example,9131305776
CUSTOMER_000000747,Nikhil,Sharma,nikhil.sharma.CUSTOMER_000000747@shopsphere.example,9884306163
CUSTOMER_000000748,Meera,Mukherjee,meera.mukherjee.CUSTOMER_000000748@shopsphere.example,9714260977
CUSTOMER_000000749,Tanya,Soni,tanya.soni.CUSTOMER_000000749@shopsphere.example,9714125845
CUSTOMER_000000750,Isha,Banerjee,isha.banerjee.CUSTOMER_000000750@shopsphere.example,9107412401
CUSTOMER_000000751,Aditi,Dubey,aditi.dubey.CUSTOMER_000000751@shopsphere.example,9506423101
CUSTOMER_000000752,Vihaan,Pandey,vihaan.pandey.CUSTOMER_000000752@shopsphere.example,9246193004
CUSTOMER_000000753,Priya,Pillai,priya.pillai.CUSTOMER_000000753@shopsphere.example,9511161783
CUSTOMER_000000754,Tanya,Shah,tanya.shah.CUSTOMER_000000754@shopsphere.example,9356093159
CUSTOMER_000000755,Vivek,Naidu,vivek.naidu.CUSTOMER_000000755@shopsphere.example,9148079383
CUSTOMER_000000756,Vihaan,Ghosh,vihaan.ghosh.CUSTOMER_000000756@shopsphere.example,9613097836
CUSTOMER_000000757,Ankit,Reddy,ankit.reddy.CUSTOMER_000000757@shopsphere.example,9428706609
CUSTOMER_000000758,Sara,Pillai,sara.pillai.CUSTOMER_000000758@shopsphere.example,9709248207
CUSTOMER_000000759,Ananya,Pillai,ananya.pillai.CUSTOMER_000000759@shopsphere.example,9473683512
CUSTOMER_000000760,Ishaan,Pandey,ishaan.pandey.CUSTOMER_000000760@shopsphere.example,9281318753
CUSTOMER_000000761,Manav,Shah,manav.shah.CUSTOMER_000000761@shopsphere.example,9339906155
CUSTOMER_000000762,Sneha,Kapoor,sneha.kapoor.CUSTOMER_000000762@shopsphere.example,9749405885
CUSTOMER_000000763,Isha,Mukherjee,isha.mukherjee.CUSTOMER_000000763@shopsphere.example,9219185301
CUSTOMER_000000764,Avni,Ghosh,avni.ghosh.CUSTOMER_000000764@shopsphere.example,9335196805
CUSTOMER_000000765,Tanya,Yadav,tanya.yadav.CUSTOMER_000000765@shopsphere.example,9432394500
CUSTOMER_000000766,Mahi,Joshi,mahi.joshi.CUSTOMER_000000766@shopsphere.example,9718454872
CUSTOMER_000000767,Riya,Sharma,riya.sharma.CUSTOMER_000000767@shopsphere.example,9920674605
CUSTOMER_000000768,Kavya,Mishra,kavya.mishra.CUSTOMER_000000768@shopsphere.example,9270982093
CUSTOMER_000000769,Rohan,Jain,rohan.jain.CUSTOMER_000000769@shopsphere.example,9495399037
CUSTOMER_000000770,Kavya,Kulkarni,kavya.kulkarni.CUSTOMER_000000770@shopsphere.example,9446393740
CUSTOMER_000000771,Aarav,Singh,aarav.singh.CUSTOMER_000000771@shopsphere.example,9160943710
CUSTOMER_000000772,Siddharth,Malhotra,siddharth.malhotra.CUSTOMER_000000772@shopsphere.example,9159092700
CUSTOMER_000000773,Sneha,Kulkarni,sneha.kulkarni.CUSTOMER_000000773@shopsphere.example,9615579995
CUSTOMER_000000774,Dev,Ghosh,dev.ghosh.CUSTOMER_000000774@shopsphere.example,9937930038
CUSTOMER_000000775,Ankit,Verma,ankit.verma.CUSTOMER_000000775@shopsphere.example,9368218861
CUSTOMER_000000776,Meera,Ghosh,meera.ghosh.CUSTOMER_000000776@shopsphere.example,9880652121
CUSTOMER_000000777,Raj,Kulkarni,raj.kulkarni.CUSTOMER_000000777@shopsphere.example,9112928303
CUSTOMER_000000778,Ankit,Singh,ankit.singh.CUSTOMER_000000778@shopsphere.example,9374147712
CUSTOMER_000000779,Rahul,Patel,rahul.patel.CUSTOMER_000000779@shopsphere.example,9307754934
CUSTOMER_000000780,Aryan,Banerjee,aryan.banerjee.CUSTOMER_000000780@shopsphere.example,9160318589
CUSTOMER_000000781,Ankit,Jain,ankit.jain.CUSTOMER_000000781@shopsphere.example,9363495822
CUSTOMER_000000782,Shreya,Das,shreya.das.CUSTOMER_000000782@shopsphere.example,9264809849
CUSTOMER_000000783,Meera,Dubey,meera.dubey.CUSTOMER_000000783@shopsphere.example,9845660842
CUSTOMER_000000784,Sara,Yadav,sara.yadav.CUSTOMER_000000784@shopsphere.example,9702931414
CUSTOMER_000000785,Riya,Iyer,riya.iyer.CUSTOMER_000000785@shopsphere.example,9797376233
CUSTOMER_000000786,Aditya,Iyer,aditya.iyer.CUSTOMER_000000786@shopsphere.example,9691363695
CUSTOMER_000000787,Avni,Banerjee,avni.banerjee.CUSTOMER_000000787@shopsphere.example,9305040390
CUSTOMER_000000788,Sara,Menon,sara.menon.CUSTOMER_000000788@shopsphere.example,9261654604
CUSTOMER_000000789,Ananya,Joshi,ananya.joshi.CUSTOMER_000000789@shopsphere.example,9394513482
CUSTOMER_000000790,Ankit,Banerjee,ankit.banerjee.CUSTOMER_000000790@shopsphere.example,9462462813
CUSTOMER_000000791,Sara,Singh,sara.singh.CUSTOMER_000000791@shopsphere.example,9864821065
CUSTOMER_000000792,Aditi,Jain,aditi.jain.CUSTOMER_000000792@shopsphere.example,9109682439
CUSTOMER_000000793,Aryan,Bansal,aryan.bansal.CUSTOMER_000000793@shopsphere.example,9660098036
CUSTOMER_000000794,Aanya,Gupta,aanya.gupta.CUSTOMER_000000794@shopsphere.example,9252696670
CUSTOMER_000000795,Vihaan,Shah,vihaan.shah.CUSTOMER_000000795@shopsphere.example,9834159461
CUSTOMER_000000796,Dev,Joshi,dev.joshi.CUSTOMER_000000796@shopsphere.example,9216687360
CUSTOMER_000000797,Priya,Das,priya.das.CUSTOMER_000000797@shopsphere.example,9911814946
CUSTOMER_000000798,Avni,Nair,avni.nair.CUSTOMER_000000798@shopsphere.example,9949191013
CUSTOMER_000000799,Sneha,Malhotra,sneha.malhotra.CUSTOMER_000000799@shopsphere.example,9923944116
CUSTOMER_000000800,Priya,Nair,priya.nair.CUSTOMER_000000800@shopsphere.example,9523910438
CUSTOMER_000000801,Ishaan,Saxena,ishaan.saxena.CUSTOMER_000000801@shopsphere.example,9143207598
CUSTOMER_000000802,Neha,Gupta,neha.gupta.CUSTOMER_000000802@shopsphere.example,9804490997
CUSTOMER_000000803,Akash,Ghosh,akash.ghosh.CUSTOMER_000000803@shopsphere.example,9194466500
CUSTOMER_000000804,Isha,Ghosh,isha.ghosh.CUSTOMER_000000804@shopsphere.example,9246270164
CUSTOMER_000000805,Sara,Joshi,sara.joshi.CUSTOMER_000000805@shopsphere.example,9968885575
CUSTOMER_000000806,Dev,Singh,dev.singh.CUSTOMER_000000806@shopsphere.example,9266136871
CUSTOMER_000000807,Nisha,Chopra,nisha.chopra.CUSTOMER_000000807@shopsphere.example,9514360004
CUSTOMER_000000808,Varun,Pillai,varun.pillai.CUSTOMER_000000808@shopsphere.example,9659012291
CUSTOMER_000000809,Kabir,Reddy,kabir.reddy.CUSTOMER_000000809@shopsphere.example,9341292420
CUSTOMER_000000810,Rohan,Shah,rohan.shah.CUSTOMER_000000810@shopsphere.example,9788628402
CUSTOMER_000000811,Pooja,Das,pooja.das.CUSTOMER_000000811@shopsphere.example,9576882137
CUSTOMER_000000812,Pooja,Singh,pooja.singh.CUSTOMER_000000812@shopsphere.example,9626194670
CUSTOMER_000000813,Akash,Banerjee,akash.banerjee.CUSTOMER_000000813@shopsphere.example,9717817347
CUSTOMER_000000814,Raj,Sen,raj.sen.CUSTOMER_000000814@shopsphere.example,9219942574
CUSTOMER_000000815,Neha,Naidu,neha.naidu.CUSTOMER_000000815@shopsphere.example,9647601351
CUSTOMER_000000816,Isha,Iyer,isha.iyer.CUSTOMER_000000816@shopsphere.example,9509982760
CUSTOMER_000000817,Isha,Singh,isha.singh.CUSTOMER_000000817@shopsphere.example,9547748871
CUSTOMER_000000818,Raj,Agarwal,raj.agarwal.CUSTOMER_000000818@shopsphere.example,9464415646
CUSTOMER_000000819,Ishaan,Soni,ishaan.soni.CUSTOMER_000000819@shopsphere.example,9955161442
CUSTOMER_000000820,Sneha,Patel,sneha.patel.CUSTOMER_000000820@shopsphere.example,9585373982
CUSTOMER_000000821,Manav,Singh,manav.singh.CUSTOMER_000000821@shopsphere.example,9802000343
CUSTOMER_000000822,Myra,Patel,myra.patel.CUSTOMER_000000822@shopsphere.example,9900191817
CUSTOMER_000000823,Manav,Roy,manav.roy.CUSTOMER_000000823@shopsphere.example,9771453720
CUSTOMER_000000824,Varun,Pillai,varun.pillai.CUSTOMER_000000824@shopsphere.example,9900524874
CUSTOMER_000000825,Vivek,Reddy,vivek.reddy.CUSTOMER_000000825@shopsphere.example,9537150437
CUSTOMER_000000826,Aanya,Patel,aanya.patel.CUSTOMER_000000826@shopsphere.example,9949985494
CUSTOMER_000000827,Karan,Nair,karan.nair.CUSTOMER_000000827@shopsphere.example,9921664502
CUSTOMER_000000828,Ananya,Das,ananya.das.CUSTOMER_000000828@shopsphere.example,9532811112
CUSTOMER_000000829,Rahul,Pillai,rahul.pillai.CUSTOMER_000000829@shopsphere.example,9988103395
CUSTOMER_000000830,Tanya,Krishnan,tanya.krishnan.CUSTOMER_000000830@shopsphere.example,9137225226
CUSTOMER_000000831,Vihaan,Chauhan,vihaan.chauhan.CUSTOMER_000000831@shopsphere.example,9631491168
CUSTOMER_000000832,Simran,Bansal,simran.bansal.CUSTOMER_000000832@shopsphere.example,9626584197
CUSTOMER_000000833,Dev,Reddy,dev.reddy.CUSTOMER_000000833@shopsphere.example,9573166468
CUSTOMER_000000834,Rohan,Chauhan,rohan.chauhan.CUSTOMER_000000834@shopsphere.example,9547489409
CUSTOMER_000000835,Kabir,Patel,kabir.patel.CUSTOMER_000000835@shopsphere.example,9910893414
CUSTOMER_000000836,Diya,Mehta,diya.mehta.CUSTOMER_000000836@shopsphere.example,9549077565
CUSTOMER_000000837,Meera,Patel,meera.patel.CUSTOMER_000000837@shopsphere.example,9103553570
CUSTOMER_000000838,Isha,Bansal,isha.bansal.CUSTOMER_000000838@shopsphere.example,9720195097
CUSTOMER_000000839,Karan,Bansal,karan.bansal.CUSTOMER_000000839@shopsphere.example,9692064660
CUSTOMER_000000840,Myra,Roy,myra.roy.CUSTOMER_000000840@shopsphere.example,9511813133
CUSTOMER_000000841,Priya,Sharma,priya.sharma.CUSTOMER_000000841@shopsphere.example,9421141162
CUSTOMER_000000842,Sara,Patel,sara.patel.CUSTOMER_000000842@shopsphere.example,9615025791
CUSTOMER_000000843,Rohan,Sharma,rohan.sharma.CUSTOMER_000000843@shopsphere.example,9218313892
CUSTOMER_000000844,Kavya,Mukherjee,kavya.mukherjee.CUSTOMER_000000844@shopsphere.example,9881872554
CUSTOMER_000000845,Sneha,Chopra,sneha.chopra.CUSTOMER_000000845@shopsphere.example,9410374409
CUSTOMER_000000846,Varun,Gupta,varun.gupta.CUSTOMER_000000846@shopsphere.example,9846204085
CUSTOMER_000000847,Vihaan,Agarwal,vihaan.agarwal.CUSTOMER_000000847@shopsphere.example,9122732841
CUSTOMER_000000848,Priya,Pillai,priya.pillai.CUSTOMER_000000848@shopsphere.example,9245590717
CUSTOMER_000000849,Aditi,Rao,aditi.rao.CUSTOMER_000000849@shopsphere.example,9139243158
CUSTOMER_000000850,Arjun,Thakur,arjun.thakur.CUSTOMER_000000850@shopsphere.example,9380628514
CUSTOMER_000000851,Nisha,Mishra,nisha.mishra.CUSTOMER_000000851@shopsphere.example,9986585797
CUSTOMER_000000852,Dev,Tiwari,dev.tiwari.CUSTOMER_000000852@shopsphere.example,9582617629
CUSTOMER_000000853,Nisha,Mehta,nisha.mehta.CUSTOMER_000000853@shopsphere.example,9428254436
CUSTOMER_000000854,Riya,Rao,riya.rao.CUSTOMER_000000854@shopsphere.example,9702277905
CUSTOMER_000000855,Sara,Bansal,sara.bansal.CUSTOMER_000000855@shopsphere.example,9533870837
CUSTOMER_000000856,Siddharth,Mishra,siddharth.mishra.CUSTOMER_000000856@shopsphere.example,9939326316
CUSTOMER_000000857,Aditi,Mishra,aditi.mishra.CUSTOMER_000000857@shopsphere.example,9385814480
CUSTOMER_000000858,Mahi,Thakur,mahi.thakur.CUSTOMER_000000858@shopsphere.example,9509178952
CUSTOMER_000000859,Vihaan,Naidu,vihaan.naidu.CUSTOMER_000000859@shopsphere.example,9627093000
CUSTOMER_000000860,Akash,Nair,akash.nair.CUSTOMER_000000860@shopsphere.example,9281418185
CUSTOMER_000000861,Siddharth,Soni,siddharth.soni.CUSTOMER_000000861@shopsphere.example,9757254564
CUSTOMER_000000862,Aryan,Agarwal,aryan.agarwal.CUSTOMER_000000862@shopsphere.example,9492568378
CUSTOMER_000000863,Shreya,Banerjee,shreya.banerjee.CUSTOMER_000000863@shopsphere.example,9681615182
CUSTOMER_000000864,Pooja,Thakur,pooja.thakur.CUSTOMER_000000864@shopsphere.example,9426652864
CUSTOMER_000000865,Myra,Verma,myra.verma.CUSTOMER_000000865@shopsphere.example,9677130043
CUSTOMER_000000866,Raj,Ghosh,raj.ghosh.CUSTOMER_000000866@shopsphere.example,9522744038
CUSTOMER_000000867,Aditya,Kulkarni,aditya.kulkarni.CUSTOMER_000000867@shopsphere.example,9478929926
CUSTOMER_000000868,Aryan,Naidu,aryan.naidu.CUSTOMER_000000868@shopsphere.example,9120382764
CUSTOMER_000000869,Rahul,Mishra,rahul.mishra.CUSTOMER_000000869@shopsphere.example,9562838107
CUSTOMER_000000870,Aditi,Reddy,aditi.reddy.CUSTOMER_000000870@shopsphere.example,9883704030
CUSTOMER_000000871,Avni,Roy,avni.roy.CUSTOMER_000000871@shopsphere.example,9758761175
CUSTOMER_000000872,Arjun,Banerjee,arjun.banerjee.CUSTOMER_000000872@shopsphere.example,9687732268
CUSTOMER_000000873,Simran,Joshi,simran.joshi.CUSTOMER_000000873@shopsphere.example,9830917301
CUSTOMER_000000874,Ananya,Dubey,ananya.dubey.CUSTOMER_000000874@shopsphere.example,9286089262
CUSTOMER_000000875,Diya,Pandey,diya.pandey.CUSTOMER_000000875@shopsphere.example,9825729212
CUSTOMER_000000876,Simran,Tiwari,simran.tiwari.CUSTOMER_000000876@shopsphere.example,9323415814
CUSTOMER_000000877,Sara,Yadav,sara.yadav.CUSTOMER_000000877@shopsphere.example,9843142417
CUSTOMER_000000878,Vihaan,Soni,vihaan.soni.CUSTOMER_000000878@shopsphere.example,9107339776
CUSTOMER_000000879,Myra,Banerjee,myra.banerjee.CUSTOMER_000000879@shopsphere.example,9362419103
CUSTOMER_000000880,Yash,Iyer,yash.iyer.CUSTOMER_000000880@shopsphere.example,9467780681
CUSTOMER_000000881,Shreya,Banerjee,shreya.banerjee.CUSTOMER_000000881@shopsphere.example,9608600090
CUSTOMER_000000882,Vivek,Sharma,vivek.sharma.CUSTOMER_000000882@shopsphere.example,9140026602
CUSTOMER_000000883,Ishaan,Reddy,ishaan.reddy.CUSTOMER_000000883@shopsphere.example,9384648804
CUSTOMER_000000884,Raj,Sharma,raj.sharma.CUSTOMER_000000884@shopsphere.example,9381165694
CUSTOMER_000000885,Rohan,Pillai,rohan.pillai.CUSTOMER_000000885@shopsphere.example,9236352704
CUSTOMER_000000886,Sara,Soni,sara.soni.CUSTOMER_000000886@shopsphere.example,9557054488
CUSTOMER_000000887,Riya,Iyer,riya.iyer.CUSTOMER_000000887@shopsphere.example,9838688961
CUSTOMER_000000888,Siddharth,Tiwari,siddharth.tiwari.CUSTOMER_000000888@shopsphere.example,9543898465
CUSTOMER_000000889,Aarav,Bansal,aarav.bansal.CUSTOMER_000000889@shopsphere.example,9973081507
CUSTOMER_000000890,Akash,Iyer,akash.iyer.CUSTOMER_000000890@shopsphere.example,9837095478
CUSTOMER_000000891,Aryan,Sharma,aryan.sharma.CUSTOMER_000000891@shopsphere.example,9367336320
CUSTOMER_000000892,Kabir,Chauhan,kabir.chauhan.CUSTOMER_000000892@shopsphere.example,9546325015
CUSTOMER_000000893,Manav,Menon,manav.menon.CUSTOMER_000000893@shopsphere.example,9323920379
CUSTOMER_000000894,Diya,Dubey,diya.dubey.CUSTOMER_000000894@shopsphere.example,9713242763
CUSTOMER_000000895,Rohan,Chopra,rohan.chopra.CUSTOMER_000000895@shopsphere.example,9581342287
CUSTOMER_000000896,Shreya,Rao,shreya.rao.CUSTOMER_000000896@shopsphere.example,9652434780
CUSTOMER_000000897,Simran,Joshi,simran.joshi.CUSTOMER_000000897@shopsphere.example,9226993159
CUSTOMER_000000898,Sneha,Dubey,sneha.dubey.CUSTOMER_000000898@shopsphere.example,9145343134
CUSTOMER_000000899,Vihaan,Pandey,vihaan.pandey.CUSTOMER_000000899@shopsphere.example,9177136873
CUSTOMER_000000900,Nisha,Mehta,nisha.mehta.CUSTOMER_000000900@shopsphere.example,9867493760
CUSTOMER_000000901,Aarav,Roy,aarav.roy.CUSTOMER_000000901@shopsphere.example,9416738290
CUSTOMER_000000902,Vivek,Shah,vivek.shah.CUSTOMER_000000902@shopsphere.example,9598418305
CUSTOMER_000000903,Tanya,Pandey,tanya.pandey.CUSTOMER_000000903@shopsphere.example,9286764628
CUSTOMER_000000904,Kabir,Shah,kabir.shah.CUSTOMER_000000904@shopsphere.example,9416957372
CUSTOMER_000000905,Neha,Gupta,neha.gupta.CUSTOMER_000000905@shopsphere.example,9608205437
CUSTOMER_000000906,Vihaan,Das,vihaan.das.CUSTOMER_000000906@shopsphere.example,9535453040
CUSTOMER_000000907,Nikhil,Tiwari,nikhil.tiwari.CUSTOMER_000000907@shopsphere.example,9758608445
CUSTOMER_000000908,Tanya,Jain,tanya.jain.CUSTOMER_000000908@shopsphere.example,9816264986
CUSTOMER_000000909,Myra,Rao,myra.rao.CUSTOMER_000000909@shopsphere.example,9941527633
CUSTOMER_000000910,Kavya,Saxena,kavya.saxena.CUSTOMER_000000910@shopsphere.example,9313975075
CUSTOMER_000000911,Siddharth,Rao,siddharth.rao.CUSTOMER_000000911@shopsphere.example,9272575441
CUSTOMER_000000912,Karan,Ghosh,karan.ghosh.CUSTOMER_000000912@shopsphere.example,9411379047
CUSTOMER_000000913,Priya,Bansal,priya.bansal.CUSTOMER_000000913@shopsphere.example,9801555516
CUSTOMER_000000914,Meera,Chauhan,meera.chauhan.CUSTOMER_000000914@shopsphere.example,9755061363
CUSTOMER_000000915,Neha,Reddy,neha.reddy.CUSTOMER_000000915@shopsphere.example,9515457450
CUSTOMER_000000916,Diya,Thakur,diya.thakur.CUSTOMER_000000916@shopsphere.example,9686436172
CUSTOMER_000000917,Vihaan,Krishnan,vihaan.krishnan.CUSTOMER_000000917@shopsphere.example,9573156881
CUSTOMER_000000918,Nisha,Iyer,nisha.iyer.CUSTOMER_000000918@shopsphere.example,9537417564
CUSTOMER_000000919,Ishaan,Pandey,ishaan.pandey.CUSTOMER_000000919@shopsphere.example,9390753926
CUSTOMER_000000920,Sneha,Jain,sneha.jain.CUSTOMER_000000920@shopsphere.example,9465455321
CUSTOMER_000000921,Myra,Shah,myra.shah.CUSTOMER_000000921@shopsphere.example,9330621649
CUSTOMER_000000922,Diya,Kumar,diya.kumar.CUSTOMER_000000922@shopsphere.example,9733911298
CUSTOMER_000000923,Shreya,Soni,shreya.soni.CUSTOMER_000000923@shopsphere.example,9967431867
CUSTOMER_000000924,Diya,Joshi,diya.joshi.CUSTOMER_000000924@shopsphere.example,9858760027
CUSTOMER_000000925,Ishaan,Ghosh,ishaan.ghosh.CUSTOMER_000000925@shopsphere.example,9209362426
CUSTOMER_000000926,Diya,Chopra,diya.chopra.CUSTOMER_000000926@shopsphere.example,9860782026
CUSTOMER_000000927,Akash,Kulkarni,akash.kulkarni.CUSTOMER_000000927@shopsphere.example,9645140619
CUSTOMER_000000928,Tanya,Bansal,tanya.bansal.CUSTOMER_000000928@shopsphere.example,9900069768
CUSTOMER_000000929,Manav,Menon,manav.menon.CUSTOMER_000000929@shopsphere.example,9625582577
CUSTOMER_000000930,Nisha,Joshi,nisha.joshi.CUSTOMER_000000930@shopsphere.example,9823221104
CUSTOMER_000000931,Neha,Chopra,neha.chopra.CUSTOMER_000000931@shopsphere.example,9527609791
CUSTOMER_000000932,Sneha,Reddy,sneha.reddy.CUSTOMER_000000932@shopsphere.example,9277858162
CUSTOMER_000000933,Arjun,Iyer,arjun.iyer.CUSTOMER_000000933@shopsphere.example,9194303990
CUSTOMER_000000934,Karan,Deshmukh,karan.deshmukh.CUSTOMER_000000934@shopsphere.example,9244000768
CUSTOMER_000000935,Priya,Sen,priya.sen.CUSTOMER_000000935@shopsphere.example,9934732335
CUSTOMER_000000936,Aarav,Menon,aarav.menon.CUSTOMER_000000936@shopsphere.example,9869821582
CUSTOMER_000000937,Nisha,Ghosh,nisha.ghosh.CUSTOMER_000000937@shopsphere.example,9513461878
CUSTOMER_000000938,Dev,Mehta,dev.mehta.CUSTOMER_000000938@shopsphere.example,9321072548
CUSTOMER_000000939,Ishaan,Tiwari,ishaan.tiwari.CUSTOMER_000000939@shopsphere.example,9297542804
CUSTOMER_000000940,Manav,Kapoor,manav.kapoor.CUSTOMER_000000940@shopsphere.example,9386046516
CUSTOMER_000000941,Sara,Rao,sara.rao.CUSTOMER_000000941@shopsphere.example,9822361475
CUSTOMER_000000942,Rohan,Mishra,rohan.mishra.CUSTOMER_000000942@shopsphere.example,9957319512
CUSTOMER_000000943,Neha,Patel,neha.patel.CUSTOMER_000000943@shopsphere.example,9358191220
CUSTOMER_000000944,Kavya,Agarwal,kavya.agarwal.CUSTOMER_000000944@shopsphere.example,9269239486
CUSTOMER_000000945,Kabir,Sharma,kabir.sharma.CUSTOMER_000000945@shopsphere.example,9314288178
CUSTOMER_000000946,Raj,Dubey,raj.dubey.CUSTOMER_000000946@shopsphere.example,9571326803
CUSTOMER_000000947,Neha,Verma,neha.verma.CUSTOMER_000000947@shopsphere.example,9896567008
CUSTOMER_000000948,Shreya,Patel,shreya.patel.CUSTOMER_000000948@shopsphere.example,9785607387
CUSTOMER_000000949,Aarav,Das,aarav.das.CUSTOMER_000000949@shopsphere.example,9191559283
CUSTOMER_000000950,Yash,Mukherjee,yash.mukherjee.CUSTOMER_000000950@shopsphere.example,9997257600
CUSTOMER_000000951,Ananya,Yadav,ananya.yadav.CUSTOMER_000000951@shopsphere.example,9245941993
CUSTOMER_000000952,Aditi,Singh,aditi.singh.CUSTOMER_000000952@shopsphere.example,9448717221
CUSTOMER_000000953,Akash,Mehta,akash.mehta.CUSTOMER_000000953@shopsphere.example,9174821594
CUSTOMER_000000954,Sneha,Roy,sneha.roy.CUSTOMER_000000954@shopsphere.example,9786313327
CUSTOMER_000000955,Ankit,Mishra,ankit.mishra.CUSTOMER_000000955@shopsphere.example,9797514000
CUSTOMER_000000956,Yash,Sen,yash.sen.CUSTOMER_000000956@shopsphere.example,9395358011
CUSTOMER_000000957,Tanya,Bansal,tanya.bansal.CUSTOMER_000000957@shopsphere.example,9882869721
CUSTOMER_000000958,Vihaan,Jain,vihaan.jain.CUSTOMER_000000958@shopsphere.example,9621054475
CUSTOMER_000000959,Siddharth,Dubey,siddharth.dubey.CUSTOMER_000000959@shopsphere.example,9634139692
CUSTOMER_000000960,Diya,Patel,diya.patel.CUSTOMER_000000960@shopsphere.example,9131233573
CUSTOMER_000000961,Kabir,Agarwal,kabir.agarwal.CUSTOMER_000000961@shopsphere.example,9248966059
CUSTOMER_000000962,Meera,Jain,meera.jain.CUSTOMER_000000962@shopsphere.example,9212892376
CUSTOMER_000000963,Varun,Bansal,varun.bansal.CUSTOMER_000000963@shopsphere.example,9358564540
CUSTOMER_000000964,Varun,Thakur,varun.thakur.CUSTOMER_000000964@shopsphere.example,9507177913
CUSTOMER_000000965,Yash,Reddy,yash.reddy.CUSTOMER_000000965@shopsphere.example,9893023278
CUSTOMER_000000966,Sara,Chauhan,sara.chauhan.CUSTOMER_000000966@shopsphere.example,9474685712
CUSTOMER_000000967,Aarav,Mehta,aarav.mehta.CUSTOMER_000000967@shopsphere.example,9247780062
CUSTOMER_000000968,Shreya,Sen,shreya.sen.CUSTOMER_000000968@shopsphere.example,9247175621
CUSTOMER_000000969,Neha,Kulkarni,neha.kulkarni.CUSTOMER_000000969@shopsphere.example,9797819202
CUSTOMER_000000970,Mahi,Tiwari,mahi.tiwari.CUSTOMER_000000970@shopsphere.example,9862188281
CUSTOMER_000000971,Varun,Mehta,varun.mehta.CUSTOMER_000000971@shopsphere.example,9317040675
CUSTOMER_000000972,Akash,Rao,akash.rao.CUSTOMER_000000972@shopsphere.example,9457995071
CUSTOMER_000000973,Raj,Sen,raj.sen.CUSTOMER_000000973@shopsphere.example,9432413914
CUSTOMER_000000974,Nikhil,Dubey,nikhil.dubey.CUSTOMER_000000974@shopsphere.example,9716203536
CUSTOMER_000000975,Sara,Nair,sara.nair.CUSTOMER_000000975@shopsphere.example,9600799541
CUSTOMER_000000976,Simran,Bansal,simran.bansal.CUSTOMER_000000976@shopsphere.example,9672147132
CUSTOMER_000000977,Rohan,Banerjee,rohan.banerjee.CUSTOMER_000000977@shopsphere.example,9138156343
CUSTOMER_000000978,Ankit,Banerjee,ankit.banerjee.CUSTOMER_000000978@shopsphere.example,9904262600
CUSTOMER_000000979,Akash,Agarwal,akash.agarwal.CUSTOMER_000000979@shopsphere.example,9684549244
CUSTOMER_000000980,Aanya,Kumar,aanya.kumar.CUSTOMER_000000980@shopsphere.example,9822282186
CUSTOMER_000000981,Myra,Iyer,myra.iyer.CUSTOMER_000000981@shopsphere.example,9255170354
CUSTOMER_000000982,Kavya,Rao,kavya.rao.CUSTOMER_000000982@shopsphere.example,9645044288
CUSTOMER_000000983,Arjun,Jain,arjun.jain.CUSTOMER_000000983@shopsphere.example,9828709471
CUSTOMER_000000984,Pooja,Mukherjee,pooja.mukherjee.CUSTOMER_000000984@shopsphere.example,9689039127
CUSTOMER_000000985,Aditya,Kumar,aditya.kumar.CUSTOMER_000000985@shopsphere.example,9332338654
CUSTOMER_000000986,Kabir,Rao,kabir.rao.CUSTOMER_000000986@shopsphere.example,9463059604
CUSTOMER_000000987,Priya,Roy,priya.roy.CUSTOMER_000000987@shopsphere.example,9735112924
CUSTOMER_000000988,Arjun,Das,arjun.das.CUSTOMER_000000988@shopsphere.example,9149332562
CUSTOMER_000000989,Myra,Mehta,myra.mehta.CUSTOMER_000000989@shopsphere.example,9542848752
CUSTOMER_000000990,Yash,Ghosh,yash.ghosh.CUSTOMER_000000990@shopsphere.example,9936586634
CUSTOMER_000000991,Ananya,Naidu,ananya.naidu.CUSTOMER_000000991@shopsphere.example,9119349304
CUSTOMER_000000992,Aarav,Singh,aarav.singh.CUSTOMER_000000992@shopsphere.example,9533929826
CUSTOMER_000000993,Ishaan,Agarwal,ishaan.agarwal.CUSTOMER_000000993@shopsphere.example,9159032491
CUSTOMER_000000994,Aditi,Ghosh,aditi.ghosh.CUSTOMER_000000994@shopsphere.example,9359428738
CUSTOMER_000000995,Kavya,Soni,kavya.soni.CUSTOMER_000000995@shopsphere.example,9282095884
CUSTOMER_000000996,Tanya,Krishnan,tanya.krishnan.CUSTOMER_000000996@shopsphere.example,9854980298
CUSTOMER_000000997,Arjun,Reddy,arjun.reddy.CUSTOMER_000000997@shopsphere.example,9552997720
CUSTOMER_000000998,Yash,Mehta,yash.mehta.CUSTOMER_000000998@shopsphere.example,9139275195
CUSTOMER_000000999,Siddharth,Kumar,siddharth.kumar.CUSTOMER_000000999@shopsphere.example,9832030022
CUSTOMER_000001000,Nisha,Deshmukh,nisha.deshmukh.CUSTOMER_000001000@shopsphere.example,9539077153
