id,name,category_id,brand_id,price
PRODUCT_000000001,Sony Electronics Product,CATEGORY_001,BRAND_004,47526.13
PRODUCT_000000002,Dell Laptops Product,CATEGORY_003,BRAND_006,64148.53
PRODUCT_000000003,HP Televisions Product,CATEGORY_004,BRAND_007,166254.56
PRODUCT_000000004,Apple Home Appliances Product,CATEGORY_005,BRAND_002,84297.47
PRODUCT_000000005,Lenovo Beauty Product,CATEGORY_008,BRAND_008,3906.48
PRODUCT_000000006,Adidas Mobiles Product,CATEGORY_002,BRAND_010,78496.47
PRODUCT_000000007,Apple Books Product,CATEGORY_009,BRAND_002,3112.46
PRODUCT_000000008,OnePlus Laptops Product,CATEGORY_003,BRAND_005,113431.81
PRODUCT_000000009,Adidas Laptops Product,CATEGORY_003,BRAND_010,51529.17
PRODUCT_000000010,HP Books Product,CATEGORY_009,BRAND_007,2629.61
PRODUCT_000000011,OnePlus Footwear Product,CATEGORY_007,BRAND_005,5081.83
PRODUCT_000000012,Lenovo Home Appliances Product,CATEGORY_005,BRAND_008,116699.02
PRODUCT_000000013,Samsung Televisions Product,CATEGORY_004,BRAND_001,85341.86
PRODUCT_000000014,Lenovo Mobiles Product,CATEGORY_002,BRAND_008,31645.32
PRODUCT_000000015,Apple Laptops Product,CATEGORY_003,BRAND_002,140055.39
PRODUCT_000000016,Nike Televisions Product,CATEGORY_004,BRAND_009,71215.48
PRODUCT_000000017,Nike Fashion Product,CATEGORY_006,BRAND_009,17512.73
PRODUCT_000000018,Samsung Laptops Product,CATEGORY_003,BRAND_001,54878.11
PRODUCT_000000019,OnePlus Mobiles Product,CATEGORY_002,BRAND_005,6627.77
PRODUCT_000000020,Lenovo Beauty Product,CATEGORY_008,BRAND_008,4087.52
PRODUCT_000000021,HP Fashion Product,CATEGORY_006,BRAND_007,2952.32
PRODUCT_000000022,LG Books Product,CATEGORY_009,BRAND_003,3619.59
PRODUCT_000000023,Dell Groceries Product,CATEGORY_010,BRAND_006,1295.31
PRODUCT_000000024,Nike Beauty Product,CATEGORY_008,BRAND_009,2660.53
PRODUCT_000000025,Sony Groceries Product,CATEGORY_010,BRAND_004,1480.92
PRODUCT_000000026,HP Fashion Product,CATEGORY_006,BRAND_007,18909.61
PRODUCT_000000027,Adidas Home Appliances Product,CATEGORY_005,BRAND_010,122387.75
PRODUCT_000000028,Dell Footwear Product,CATEGORY_007,BRAND_006,22480.60
PRODUCT_000000029,Adidas Books Product,CATEGORY_009,BRAND_010,2844.42
PRODUCT_000000030,Nike Mobiles Product,CATEGORY_002,BRAND_009,27973.94
PRODUCT_000000031,Lenovo Laptops Product,CATEGORY_003,BRAND_008,223997.16
PRODUCT_000000032,Nike Groceries Product,CATEGORY_010,BRAND_009,916.80
PRODUCT_000000033,Adidas Televisions Product,CATEGORY_004,BRAND_010,84979.83
PRODUCT_000000034,OnePlus Footwear Product,CATEGORY_007,BRAND_005,3282.53
PRODUCT_000000035,Lenovo Fashion Product,CATEGORY_006,BRAND_008,6152.71
PRODUCT_000000036,Lenovo Televisions Product,CATEGORY_004,BRAND_008,49982.53
PRODUCT_000000037,Dell Electronics Product,CATEGORY_001,BRAND_006,28745.87
PRODUCT_000000038,Lenovo Footwear Product,CATEGORY_007,BRAND_008,5864.01
PRODUCT_000000039,Adidas Books Product,CATEGORY_009,BRAND_010,399.38
PRODUCT_000000040,Apple Televisions Product,CATEGORY_004,BRAND_002,21212.12
PRODUCT_000000041,Dell Footwear Product,CATEGORY_007,BRAND_006,4860.87
PRODUCT_000000042,Nike Mobiles Product,CATEGORY_002,BRAND_009,81949.03
PRODUCT_000000043,LG Home Appliances Product,CATEGORY_005,BRAND_003,143690.78
PRODUCT_000000044,HP Home Appliances Product,CATEGORY_005,BRAND_007,24208.61
PRODUCT_000000045,Lenovo Televisions Product,CATEGORY_004,BRAND_008,35447.12
PRODUCT_000000046,LG Beauty Product,CATEGORY_008,BRAND_003,3078.68
PRODUCT_000000047,Lenovo Electronics Product,CATEGORY_001,BRAND_008,13490.87
PRODUCT_000000048,LG Televisions Product,CATEGORY_004,BRAND_003,71251.17
PRODUCT_000000049,Nike Laptops Product,CATEGORY_003,BRAND_009,194087.22
PRODUCT_000000050,OnePlus Laptops Product,CATEGORY_003,BRAND_005,191762.22
PRODUCT_000000051,Nike Electronics Product,CATEGORY_001,BRAND_009,45102.28
PRODUCT_000000052,Dell Televisions Product,CATEGORY_004,BRAND_006,175783.69
PRODUCT_000000053,Apple Laptops Product,CATEGORY_003,BRAND_002,120555.53
PRODUCT_000000054,LG Groceries Product,CATEGORY_010,BRAND_003,1153.40
PRODUCT_000000055,Nike Laptops Product,CATEGORY_003,BRAND_009,77397.64
PRODUCT_000000056,Samsung Books Product,CATEGORY_009,BRAND_001,1746.83
PRODUCT_000000057,Lenovo Televisions Product,CATEGORY_004,BRAND_008,181686.00
PRODUCT_000000058,Apple Home Appliances Product,CATEGORY_005,BRAND_002,20181.60
PRODUCT_000000059,Lenovo Laptops Product,CATEGORY_003,BRAND_008,96024.22
PRODUCT_000000060,HP Home Appliances Product,CATEGORY_005,BRAND_007,61306.51
PRODUCT_000000061,Samsung Books Product,CATEGORY_009,BRAND_001,378.02
PRODUCT_000000062,HP Beauty Product,CATEGORY_008,BRAND_007,5183.35
PRODUCT_000000063,Dell Footwear Product,CATEGORY_007,BRAND_006,16707.24
PRODUCT_000000064,HP Laptops Product,CATEGORY_003,BRAND_007,174728.07
PRODUCT_000000065,Sony Groceries Product,CATEGORY_010,BRAND_004,3214.64
PRODUCT_000000066,HP Televisions Product,CATEGORY_004,BRAND_007,166045.11
PRODUCT_000000067,Apple Footwear Product,CATEGORY_007,BRAND_002,14987.74
PRODUCT_000000068,Adidas Books Product,CATEGORY_009,BRAND_010,603.83
PRODUCT_000000069,HP Books Product,CATEGORY_009,BRAND_007,4621.50
PRODUCT_000000070,Lenovo Televisions Product,CATEGORY_004,BRAND_008,82897.23
PRODUCT_000000071,Samsung Mobiles Product,CATEGORY_002,BRAND_001,27899.72
PRODUCT_000000072,HP Beauty Product,CATEGORY_008,BRAND_007,7200.43
PRODUCT_000000073,Sony Books Product,CATEGORY_009,BRAND_004,595.40
PRODUCT_000000074,Dell Home Appliances Product,CATEGORY_005,BRAND_006,75286.95
PRODUCT_000000075,Dell Fashion Product,CATEGORY_006,BRAND_006,13044.69
PRODUCT_000000076,OnePlus Books Product,CATEGORY_009,BRAND_005,2000.71
PRODUCT_000000077,Lenovo Televisions Product,CATEGORY_004,BRAND_008,77023.77
PRODUCT_000000078,Nike Home Appliances Product,CATEGORY_005,BRAND_009,99659.01
PRODUCT_000000079,Apple Electronics Product,CATEGORY_001,BRAND_002,20185.32
PRODUCT_000000080,Sony Beauty Product,CATEGORY_008,BRAND_004,8444.99
PRODUCT_000000081,Dell Televisions Product,CATEGORY_004,BRAND_006,51812.13
PRODUCT_000000082,Dell Books Product,CATEGORY_009,BRAND_006,904.37
PRODUCT_000000083,Lenovo Laptops Product,CATEGORY_003,BRAND_008,68919.06
PRODUCT_000000084,Apple Home Appliances Product,CATEGORY_005,BRAND_002,69985.17
PRODUCT_000000085,Sony Laptops Product,CATEGORY_003,BRAND_004,95727.09
PRODUCT_000000086,Lenovo Fashion Product,CATEGORY_006,BRAND_008,8488.74
PRODUCT_000000087,HP Mobiles Product,CATEGORY_002,BRAND_007,55215.64
PRODUCT_000000088,Adidas Books Product,CATEGORY_009,BRAND_010,4393.00
PRODUCT_000000089,Lenovo Beauty Product,CATEGORY_008,BRAND_008,7426.76
PRODUCT_000000090,Lenovo Fashion Product,CATEGORY_006,BRAND_008,727.26
PRODUCT_000000091,Nike Electronics Product,CATEGORY_001,BRAND_009,85829.09
PRODUCT_000000092,Apple Home Appliances Product,CATEGORY_005,BRAND_002,38553.85
PRODUCT_000000093,Adidas Footwear Product,CATEGORY_007,BRAND_010,17022.09
PRODUCT_000000094,Samsung Televisions Product,CATEGORY_004,BRAND_001,159079.65
PRODUCT_000000095,LG Televisions Product,CATEGORY_004,BRAND_003,112715.59
PRODUCT_000000096,Samsung Beauty Product,CATEGORY_008,BRAND_001,1255.12
PRODUCT_000000097,Apple Electronics Product,CATEGORY_001,BRAND_002,29573.36
PRODUCT_000000098,Samsung Electronics Product,CATEGORY_001,BRAND_001,82015.47
PRODUCT_000000099,Apple Footwear Product,CATEGORY_007,BRAND_002,13369.90
PRODUCT_000000100,HP Groceries Product,CATEGORY_010,BRAND_007,4028.63
PRODUCT_000000101,Dell Books Product,CATEGORY_009,BRAND_006,1447.61
PRODUCT_000000102,Adidas Televisions Product,CATEGORY_004,BRAND_010,81407.93
PRODUCT_000000103,Samsung Televisions Product,CATEGORY_004,BRAND_001,63093.38
PRODUCT_000000104,HP Mobiles Product,CATEGORY_002,BRAND_007,42385.77
PRODUCT_000000105,Samsung Groceries Product,CATEGORY_010,BRAND_001,630.25
PRODUCT_000000106,HP Books Product,CATEGORY_009,BRAND_007,1964.81
PRODUCT_000000107,Nike Books Product,CATEGORY_009,BRAND_009,835.56
PRODUCT_000000108,Sony Fashion Product,CATEGORY_006,BRAND_004,3286.97
PRODUCT_000000109,OnePlus Footwear Product,CATEGORY_007,BRAND_005,11755.22
PRODUCT_000000110,Sony Footwear Product,CATEGORY_007,BRAND_004,7868.39
PRODUCT_000000111,Dell Footwear Product,CATEGORY_007,BRAND_006,5144.89
PRODUCT_000000112,Adidas Footwear Product,CATEGORY_007,BRAND_010,20260.19
PRODUCT_000000113,Samsung Fashion Product,CATEGORY_006,BRAND_001,13504.86
PRODUCT_000000114,Samsung Laptops Product,CATEGORY_003,BRAND_001,140563.09
PRODUCT_000000115,Dell Books Product,CATEGORY_009,BRAND_006,1102.21
PRODUCT_000000116,HP Mobiles Product,CATEGORY_002,BRAND_007,108578.88
PRODUCT_000000117,LG Laptops Product,CATEGORY_003,BRAND_003,186308.09
PRODUCT_000000118,Lenovo Mobiles Product,CATEGORY_002,BRAND_008,115069.78
PRODUCT_000000119,Samsung Footwear Product,CATEGORY_007,BRAND_001,10653.04
PRODUCT_000000120,Adidas Laptops Product,CATEGORY_003,BRAND_010,73826.11
PRODUCT_000000121,Sony Televisions Product,CATEGORY_004,BRAND_004,67658.89
PRODUCT_000000122,Samsung Fashion Product,CATEGORY_006,BRAND_001,5503.57
PRODUCT_000000123,Adidas Footwear Product,CATEGORY_007,BRAND_010,18655.96
PRODUCT_000000124,HP Groceries Product,CATEGORY_010,BRAND_007,2352.93
PRODUCT_000000125,LG Mobiles Product,CATEGORY_002,BRAND_003,48262.53
PRODUCT_000000126,OnePlus Home Appliances Product,CATEGORY_005,BRAND_005,23808.94
PRODUCT_000000127,Sony Mobiles Product,CATEGORY_002,BRAND_004,47505.08
PRODUCT_000000128,Lenovo Fashion Product,CATEGORY_006,BRAND_008,10367.22
PRODUCT_000000129,LG Mobiles Product,CATEGORY_002,BRAND_003,109019.55
PRODUCT_000000130,Apple Groceries Product,CATEGORY_010,BRAND_002,2919.96
PRODUCT_000000131,Lenovo Fashion Product,CATEGORY_006,BRAND_008,8366.73
PRODUCT_000000132,OnePlus Televisions Product,CATEGORY_004,BRAND_005,48602.08
PRODUCT_000000133,Samsung Electronics Product,CATEGORY_001,BRAND_001,107202.22
PRODUCT_000000134,Dell Books Product,CATEGORY_009,BRAND_006,2948.45
PRODUCT_000000135,OnePlus Home Appliances Product,CATEGORY_005,BRAND_005,19292.87
PRODUCT_000000136,Sony Electronics Product,CATEGORY_001,BRAND_004,50895.01
PRODUCT_000000137,LG Books Product,CATEGORY_009,BRAND_003,2720.00
PRODUCT_000000138,Dell Beauty Product,CATEGORY_008,BRAND_006,9019.79
PRODUCT_000000139,OnePlus Books Product,CATEGORY_009,BRAND_005,955.15
PRODUCT_000000140,Samsung Fashion Product,CATEGORY_006,BRAND_001,2815.66
PRODUCT_000000141,Lenovo Footwear Product,CATEGORY_007,BRAND_008,11546.35
PRODUCT_000000142,HP Electronics Product,CATEGORY_001,BRAND_007,77646.41
PRODUCT_000000143,Samsung Mobiles Product,CATEGORY_002,BRAND_001,71000.26
PRODUCT_000000144,Adidas Groceries Product,CATEGORY_010,BRAND_010,1419.24
PRODUCT_000000145,OnePlus Beauty Product,CATEGORY_008,BRAND_005,3868.10
PRODUCT_000000146,Samsung Groceries Product,CATEGORY_010,BRAND_001,1443.25
PRODUCT_000000147,LG Televisions Product,CATEGORY_004,BRAND_003,79052.74
PRODUCT_000000148,Samsung Beauty Product,CATEGORY_008,BRAND_001,13436.93
PRODUCT_000000149,LG Books Product,CATEGORY_009,BRAND_003,500.36
PRODUCT_000000150,Lenovo Mobiles Product,CATEGORY_002,BRAND_008,97514.34
PRODUCT_000000151,LG Mobiles Product,CATEGORY_002,BRAND_003,77780.21
PRODUCT_000000152,OnePlus Beauty Product,CATEGORY_008,BRAND_005,1691.46
PRODUCT_000000153,Adidas Groceries Product,CATEGORY_010,BRAND_010,1314.83
PRODUCT_000000154,Lenovo Footwear Product,CATEGORY_007,BRAND_008,17743.63
PRODUCT_000000155,Adidas Televisions Product,CATEGORY_004,BRAND_010,37803.93
PRODUCT_000000156,Apple Footwear Product,CATEGORY_007,BRAND_002,17875.07
PRODUCT_000000157,OnePlus Groceries Product,CATEGORY_010,BRAND_005,1512.91
PRODUCT_000000158,Nike Footwear Product,CATEGORY_007,BRAND_009,21685.09
PRODUCT_000000159,LG Home Appliances Product,CATEGORY_005,BRAND_003,40197.32
PRODUCT_000000160,OnePlus Groceries Product,CATEGORY_010,BRAND_005,243.20
PRODUCT_000000161,Sony Books Product,CATEGORY_009,BRAND_004,684.54
PRODUCT_000000162,LG Beauty Product,CATEGORY_008,BRAND_003,12519.41
PRODUCT_000000163,Lenovo Footwear Product,CATEGORY_007,BRAND_008,21213.87
PRODUCT_000000164,HP Home Appliances Product,CATEGORY_005,BRAND_007,63385.92
PRODUCT_000000165,Dell Televisions Product,CATEGORY_004,BRAND_006,91589.22
PRODUCT_000000166,Nike Footwear Product,CATEGORY_007,BRAND_009,6151.35
PRODUCT_000000167,Apple Mobiles Product,CATEGORY_002,BRAND_002,29972.62
PRODUCT_000000168,Dell Beauty Product,CATEGORY_008,BRAND_006,4563.70
PRODUCT_000000169,Dell Groceries Product,CATEGORY_010,BRAND_006,1720.94
PRODUCT_000000170,LG Groceries Product,CATEGORY_010,BRAND_003,2022.45
PRODUCT_000000171,Apple Laptops Product,CATEGORY_003,BRAND_002,212543.08
PRODUCT_000000172,Dell Fashion Product,CATEGORY_006,BRAND_006,4761.64
PRODUCT_000000173,Nike Fashion Product,CATEGORY_006,BRAND_009,18158.57
PRODUCT_000000174,OnePlus Laptops Product,CATEGORY_003,BRAND_005,121049.76
PRODUCT_000000175,Sony Electronics Product,CATEGORY_001,BRAND_004,40112.08
PRODUCT_000000176,Lenovo Groceries Product,CATEGORY_010,BRAND_008,498.75
PRODUCT_000000177,Sony Home Appliances Product,CATEGORY_005,BRAND_004,29457.82
PRODUCT_000000178,Lenovo Fashion Product,CATEGORY_006,BRAND_008,11187.40
PRODUCT_000000179,LG Home Appliances Product,CATEGORY_005,BRAND_003,16969.41
PRODUCT_000000180,Samsung Laptops Product,CATEGORY_003,BRAND_001,131161.69
PRODUCT_000000181,Samsung Books Product,CATEGORY_009,BRAND_001,1727.48
PRODUCT_000000182,LG Books Product,CATEGORY_009,BRAND_003,906.52
PRODUCT_000000183,Sony Electronics Product,CATEGORY_001,BRAND_004,39378.79
PRODUCT_000000184,Lenovo Home Appliances Product,CATEGORY_005,BRAND_008,120740.28
PRODUCT_000000185,Sony Electronics Product,CATEGORY_001,BRAND_004,30648.96
PRODUCT_000000186,Sony Footwear Product,CATEGORY_007,BRAND_004,11204.19
PRODUCT_000000187,HP Groceries Product,CATEGORY_010,BRAND_007,1398.69
PRODUCT_000000188,Sony Home Appliances Product,CATEGORY_005,BRAND_004,35973.47
PRODUCT_000000189,Lenovo Beauty Product,CATEGORY_008,BRAND_008,2291.77
PRODUCT_000000190,Sony Books Product,CATEGORY_009,BRAND_004,1821.64
PRODUCT_000000191,OnePlus Books Product,CATEGORY_009,BRAND_005,936.27
PRODUCT_000000192,LG Footwear Product,CATEGORY_007,BRAND_003,10837.79
PRODUCT_000000193,Lenovo Books Product,CATEGORY_009,BRAND_008,1656.01
PRODUCT_000000194,Nike Groceries Product,CATEGORY_010,BRAND_009,2124.84
PRODUCT_000000195,Nike Groceries Product,CATEGORY_010,BRAND_009,3974.21
PRODUCT_000000196,HP Books Product,CATEGORY_009,BRAND_007,713.24
PRODUCT_000000197,Sony Electronics Product,CATEGORY_001,BRAND_004,54944.74
PRODUCT_000000198,Adidas Televisions Product,CATEGORY_004,BRAND_010,53251.57
PRODUCT_000000199,Apple Home Appliances Product,CATEGORY_005,BRAND_002,48433.40
PRODUCT_000000200,Sony Televisions Product,CATEGORY_004,BRAND_004,22985.98
PRODUCT_000000201,Nike Laptops Product,CATEGORY_003,BRAND_009,92050.96
PRODUCT_000000202,HP Footwear Product,CATEGORY_007,BRAND_007,22299.06
PRODUCT_000000203,Apple Mobiles Product,CATEGORY_002,BRAND_002,131189.59
PRODUCT_000000204,Sony Books Product,CATEGORY_009,BRAND_004,502.82
PRODUCT_000000205,Nike Fashion Product,CATEGORY_006,BRAND_009,3783.93
PRODUCT_000000206,Dell Groceries Product,CATEGORY_010,BRAND_006,338.63
PRODUCT_000000207,Lenovo Beauty Product,CATEGORY_008,BRAND_008,551.65
PRODUCT_000000208,Nike Home Appliances Product,CATEGORY_005,BRAND_009,62048.54
PRODUCT_000000209,HP Footwear Product,CATEGORY_007,BRAND_007,4970.11
PRODUCT_000000210,Apple Books Product,CATEGORY_009,BRAND_002,961.15
PRODUCT_000000211,Sony Beauty Product,CATEGORY_008,BRAND_004,11540.41
PRODUCT_000000212,Nike Footwear Product,CATEGORY_007,BRAND_009,10759.26
PRODUCT_000000213,Dell Footwear Product,CATEGORY_007,BRAND_006,12880.62
PRODUCT_000000214,Dell Televisions Product,CATEGORY_004,BRAND_006,37438.96
PRODUCT_000000215,Samsung Fashion Product,CATEGORY_006,BRAND_001,5520.21
PRODUCT_000000216,OnePlus Televisions Product,CATEGORY_004,BRAND_005,189337.30
PRODUCT_000000217,Dell Beauty Product,CATEGORY_008,BRAND_006,5712.09
PRODUCT_000000218,Adidas Footwear Product,CATEGORY_007,BRAND_010,7029.23
PRODUCT_000000219,Dell Fashion Product,CATEGORY_006,BRAND_006,10831.78
PRODUCT_000000220,LG Footwear Product,CATEGORY_007,BRAND_003,5722.11
PRODUCT_000000221,Nike Beauty Product,CATEGORY_008,BRAND_009,4631.09
PRODUCT_000000222,HP Home Appliances Product,CATEGORY_005,BRAND_007,26935.38
PRODUCT_000000223,Nike Books Product,CATEGORY_009,BRAND_009,3175.58
PRODUCT_000000224,Lenovo Laptops Product,CATEGORY_003,BRAND_008,89554.05
PRODUCT_000000225,Samsung Beauty Product,CATEGORY_008,BRAND_001,3256.60
PRODUCT_000000226,Lenovo Books Product,CATEGORY_009,BRAND_008,2585.73
PRODUCT_000000227,OnePlus Electronics Product,CATEGORY_001,BRAND_005,51780.80
PRODUCT_000000228,Dell Televisions Product,CATEGORY_004,BRAND_006,79825.81
PRODUCT_000000229,Lenovo Footwear Product,CATEGORY_007,BRAND_008,12881.53
PRODUCT_000000230,Apple Televisions Product,CATEGORY_004,BRAND_002,104957.16
PRODUCT_000000231,Lenovo Fashion Product,CATEGORY_006,BRAND_008,15947.02
PRODUCT_000000232,Dell Groceries Product,CATEGORY_010,BRAND_006,4022.49
PRODUCT_000000233,Nike Books Product,CATEGORY_009,BRAND_009,2536.45
PRODUCT_000000234,OnePlus Fashion Product,CATEGORY_006,BRAND_005,8118.02
PRODUCT_000000235,Lenovo Fashion Product,CATEGORY_006,BRAND_008,10340.23
PRODUCT_000000236,Nike Beauty Product,CATEGORY_008,BRAND_009,1537.45
PRODUCT_000000237,Apple Mobiles Product,CATEGORY_002,BRAND_002,40793.49
PRODUCT_000000238,Sony Fashion Product,CATEGORY_006,BRAND_004,709.92
PRODUCT_000000239,Nike Home Appliances Product,CATEGORY_005,BRAND_009,30240.84
PRODUCT_000000240,HP Footwear Product,CATEGORY_007,BRAND_007,8842.70
PRODUCT_000000241,OnePlus Fashion Product,CATEGORY_006,BRAND_005,19528.30
PRODUCT_000000242,Samsung Beauty Product,CATEGORY_008,BRAND_001,2669.01
PRODUCT_000000243,Apple Electronics Product,CATEGORY_001,BRAND_002,14614.47
PRODUCT_000000244,Apple Footwear Product,CATEGORY_007,BRAND_002,13044.75
PRODUCT_000000245,Samsung Groceries Product,CATEGORY_010,BRAND_001,2849.98
PRODUCT_000000246,HP Home Appliances Product,CATEGORY_005,BRAND_007,84103.35
PRODUCT_000000247,Nike Fashion Product,CATEGORY_006,BRAND_009,976.86
PRODUCT_000000248,LG Footwear Product,CATEGORY_007,BRAND_003,6350.16
PRODUCT_000000249,Apple Electronics Product,CATEGORY_001,BRAND_002,33792.11
PRODUCT_000000250,Lenovo Televisions Product,CATEGORY_004,BRAND_008,74845.58
PRODUCT_000000251,HP Groceries Product,CATEGORY_010,BRAND_007,1112.09
PRODUCT_000000252,OnePlus Fashion Product,CATEGORY_006,BRAND_005,18522.97
PRODUCT_000000253,Dell Books Product,CATEGORY_009,BRAND_006,1399.91
PRODUCT_000000254,Nike Televisions Product,CATEGORY_004,BRAND_009,208122.29
PRODUCT_000000255,OnePlus Home Appliances Product,CATEGORY_005,BRAND_005,52583.68
PRODUCT_000000256,Dell Groceries Product,CATEGORY_010,BRAND_006,1724.12
PRODUCT_000000257,Apple Fashion Product,CATEGORY_006,BRAND_002,6078.96
PRODUCT_000000258,Samsung Footwear Product,CATEGORY_007,BRAND_001,1110.13
PRODUCT_000000259,LG Fashion Product,CATEGORY_006,BRAND_003,8268.46
PRODUCT_000000260,Lenovo Books Product,CATEGORY_009,BRAND_008,2417.05
PRODUCT_000000261,OnePlus Electronics Product,CATEGORY_001,BRAND_005,26099.88
PRODUCT_000000262,Nike Home Appliances Product,CATEGORY_005,BRAND_009,34449.06
PRODUCT_000000263,Sony Home Appliances Product,CATEGORY_005,BRAND_004,114743.85
PRODUCT_000000264,HP Footwear Product,CATEGORY_007,BRAND_007,2135.20
PRODUCT_000000265,Sony Fashion Product,CATEGORY_006,BRAND_004,7416.00
PRODUCT_000000266,OnePlus Laptops Product,CATEGORY_003,BRAND_005,139987.08
PRODUCT_000000267,Apple Groceries Product,CATEGORY_010,BRAND_002,451.33
PRODUCT_000000268,Sony Groceries Product,CATEGORY_010,BRAND_004,230.02
PRODUCT_000000269,LG Books Product,CATEGORY_009,BRAND_003,396.98
PRODUCT_000000270,Nike Beauty Product,CATEGORY_008,BRAND_009,4362.80
PRODUCT_000000271,Samsung Beauty Product,CATEGORY_008,BRAND_001,7343.39
PRODUCT_000000272,Dell Footwear Product,CATEGORY_007,BRAND_006,13222.81
PRODUCT_000000273,Samsung Mobiles Product,CATEGORY_002,BRAND_001,93376.09
PRODUCT_000000274,LG Laptops Product,CATEGORY_003,BRAND_003,145414.87
PRODUCT_000000275,HP Mobiles Product,CATEGORY_002,BRAND_007,37395.96
PRODUCT_000000276,Samsung Footwear Product,CATEGORY_007,BRAND_001,6006.43
PRODUCT_000000277,Dell Footwear Product,CATEGORY_007,BRAND_006,11671.40
PRODUCT_000000278,Dell Groceries Product,CATEGORY_010,BRAND_006,2383.85
PRODUCT_000000279,Lenovo Books Product,CATEGORY_009,BRAND_008,1444.98
PRODUCT_000000280,Apple Beauty Product,CATEGORY_008,BRAND_002,8266.88
PRODUCT_000000281,Apple Beauty Product,CATEGORY_008,BRAND_002,385.35
PRODUCT_000000282,LG Home Appliances Product,CATEGORY_005,BRAND_003,114133.14
PRODUCT_000000283,LG Groceries Product,CATEGORY_010,BRAND_003,4001.25
PRODUCT_000000284,Lenovo Electronics Product,CATEGORY_001,BRAND_008,25462.80
PRODUCT_000000285,Lenovo Televisions Product,CATEGORY_004,BRAND_008,59012.72
PRODUCT_000000286,HP Footwear Product,CATEGORY_007,BRAND_007,18315.20
PRODUCT_000000287,LG Footwear Product,CATEGORY_007,BRAND_003,2545.20
PRODUCT_000000288,Dell Laptops Product,CATEGORY_003,BRAND_006,105802.00
PRODUCT_000000289,Samsung Electronics Product,CATEGORY_001,BRAND_001,66663.17
PRODUCT_000000290,Nike Home Appliances Product,CATEGORY_005,BRAND_009,32348.76
PRODUCT_000000291,LG Mobiles Product,CATEGORY_002,BRAND_003,108213.93
PRODUCT_000000292,Nike Fashion Product,CATEGORY_006,BRAND_009,16024.87
PRODUCT_000000293,LG Televisions Product,CATEGORY_004,BRAND_003,68391.63
PRODUCT_000000294,Apple Electronics Product,CATEGORY_001,BRAND_002,98126.54
PRODUCT_000000295,HP Home Appliances Product,CATEGORY_005,BRAND_007,38276.02
PRODUCT_000000296,Nike Mobiles Product,CATEGORY_002,BRAND_009,105785.14
PRODUCT_000000297,Apple Footwear Product,CATEGORY_007,BRAND_002,6305.72
PRODUCT_000000298,Samsung Books Product,CATEGORY_009,BRAND_001,335.33
PRODUCT_000000299,HP Home Appliances Product,CATEGORY_005,BRAND_007,109951.12
PRODUCT_000000300,Lenovo Groceries Product,CATEGORY_010,BRAND_008,3971.91
PRODUCT_000000301,Sony Beauty Product,CATEGORY_008,BRAND_004,3608.69
PRODUCT_000000302,Sony Books Product,CATEGORY_009,BRAND_004,3481.66
PRODUCT_000000303,Sony Home Appliances Product,CATEGORY_005,BRAND_004,28560.91
PRODUCT_000000304,Samsung Beauty Product,CATEGORY_008,BRAND_001,12926.90
PRODUCT_000000305,Sony Books Product,CATEGORY_009,BRAND_004,2574.22
PRODUCT_000000306,Sony Footwear Product,CATEGORY_007,BRAND_004,16336.98
PRODUCT_000000307,Apple Beauty Product,CATEGORY_008,BRAND_002,8253.54
PRODUCT_000000308,Nike Home Appliances Product,CATEGORY_005,BRAND_009,10454.59
PRODUCT_000000309,Dell Books Product,CATEGORY_009,BRAND_006,281.12
PRODUCT_000000310,HP Footwear Product,CATEGORY_007,BRAND_007,14175.81
PRODUCT_000000311,Apple Footwear Product,CATEGORY_007,BRAND_002,6289.30
PRODUCT_000000312,Apple Books Product,CATEGORY_009,BRAND_002,508.37
PRODUCT_000000313,Nike Laptops Product,CATEGORY_003,BRAND_009,108316.97
PRODUCT_000000314,HP Home Appliances Product,CATEGORY_005,BRAND_007,13535.22
PRODUCT_000000315,LG Groceries Product,CATEGORY_010,BRAND_003,1366.86
PRODUCT_000000316,Adidas Footwear Product,CATEGORY_007,BRAND_010,7149.36
PRODUCT_000000317,Dell Fashion Product,CATEGORY_006,BRAND_006,5032.06
PRODUCT_000000318,Dell Fashion Product,CATEGORY_006,BRAND_006,11683.06
PRODUCT_000000319,Samsung Electronics Product,CATEGORY_001,BRAND_001,52057.41
PRODUCT_000000320,LG Books Product,CATEGORY_009,BRAND_003,1644.19
PRODUCT_000000321,Sony Footwear Product,CATEGORY_007,BRAND_004,11193.14
PRODUCT_000000322,Apple Mobiles Product,CATEGORY_002,BRAND_002,6422.03
PRODUCT_000000323,Dell Mobiles Product,CATEGORY_002,BRAND_006,111157.95
PRODUCT_000000324,Samsung Home Appliances Product,CATEGORY_005,BRAND_001,58960.31
PRODUCT_000000325,Nike Footwear Product,CATEGORY_007,BRAND_009,4259.98
PRODUCT_000000326,HP Beauty Product,CATEGORY_008,BRAND_007,12706.30
PRODUCT_000000327,Nike Electronics Product,CATEGORY_001,BRAND_009,10245.94
PRODUCT_000000328,Nike Televisions Product,CATEGORY_004,BRAND_009,95553.61
PRODUCT_000000329,Apple Footwear Product,CATEGORY_007,BRAND_002,9319.38
PRODUCT_000000330,HP Groceries Product,CATEGORY_010,BRAND_007,732.17
PRODUCT_000000331,LG Fashion Product,CATEGORY_006,BRAND_003,16339.42
PRODUCT_000000332,Sony Groceries Product,CATEGORY_010,BRAND_004,1477.19
PRODUCT_000000333,Sony Books Product,CATEGORY_009,BRAND_004,530.81
PRODUCT_000000334,LG Books Product,CATEGORY_009,BRAND_003,921.24
PRODUCT_000000335,LG Fashion Product,CATEGORY_006,BRAND_003,7748.73
PRODUCT_000000336,Sony Footwear Product,CATEGORY_007,BRAND_004,9981.53
PRODUCT_000000337,HP Beauty Product,CATEGORY_008,BRAND_007,3208.91
PRODUCT_000000338,Apple Footwear Product,CATEGORY_007,BRAND_002,17766.86
PRODUCT_000000339,HP Fashion Product,CATEGORY_006,BRAND_007,14282.13
PRODUCT_000000340,Adidas Televisions Product,CATEGORY_004,BRAND_010,46977.00
PRODUCT_000000341,Samsung Home Appliances Product,CATEGORY_005,BRAND_001,80395.16
PRODUCT_000000342,Dell Electronics Product,CATEGORY_001,BRAND_006,63802.09
PRODUCT_000000343,Sony Electronics Product,CATEGORY_001,BRAND_004,62824.31
PRODUCT_000000344,Samsung Laptops Product,CATEGORY_003,BRAND_001,108319.93
PRODUCT_000000345,Lenovo Electronics Product,CATEGORY_001,BRAND_008,106411.74
PRODUCT_000000346,OnePlus Laptops Product,CATEGORY_003,BRAND_005,90006.80
PRODUCT_000000347,Apple Books Product,CATEGORY_009,BRAND_002,424.29
PRODUCT_000000348,Adidas Books Product,CATEGORY_009,BRAND_010,511.50
PRODUCT_000000349,Nike Books Product,CATEGORY_009,BRAND_009,2148.69
PRODUCT_000000350,OnePlus Mobiles Product,CATEGORY_002,BRAND_005,27003.79
PRODUCT_000000351,HP Laptops Product,CATEGORY_003,BRAND_007,186960.69
PRODUCT_000000352,Adidas Footwear Product,CATEGORY_007,BRAND_010,17207.18
PRODUCT_000000353,Nike Fashion Product,CATEGORY_006,BRAND_009,761.53
PRODUCT_000000354,Nike Beauty Product,CATEGORY_008,BRAND_009,8755.37
PRODUCT_000000355,Dell Books Product,CATEGORY_009,BRAND_006,2839.63
PRODUCT_000000356,Sony Televisions Product,CATEGORY_004,BRAND_004,53340.70
PRODUCT_000000357,Sony Televisions Product,CATEGORY_004,BRAND_004,64399.68
PRODUCT_000000358,Samsung Groceries Product,CATEGORY_010,BRAND_001,459.97
PRODUCT_000000359,Samsung Laptops Product,CATEGORY_003,BRAND_001,31351.97
PRODUCT_000000360,Samsung Electronics Product,CATEGORY_001,BRAND_001,102821.06
PRODUCT_000000361,Apple Beauty Product,CATEGORY_008,BRAND_002,2902.94
PRODUCT_000000362,OnePlus Books Product,CATEGORY_009,BRAND_005,311.22
PRODUCT_000000363,HP Groceries Product,CATEGORY_010,BRAND_007,1679.27
PRODUCT_000000364,Samsung Televisions Product,CATEGORY_004,BRAND_001,87653.60
PRODUCT_000000365,Nike Groceries Product,CATEGORY_010,BRAND_009,1131.39
PRODUCT_000000366,Dell Footwear Product,CATEGORY_007,BRAND_006,11041.34
PRODUCT_000000367,Adidas Home Appliances Product,CATEGORY_005,BRAND_010,84997.19
PRODUCT_000000368,Dell Beauty Product,CATEGORY_008,BRAND_006,9454.76
PRODUCT_000000369,Samsung Groceries Product,CATEGORY_010,BRAND_001,1041.90
PRODUCT_000000370,Dell Beauty Product,CATEGORY_008,BRAND_006,3741.06
PRODUCT_000000371,Apple Beauty Product,CATEGORY_008,BRAND_002,7881.87
PRODUCT_000000372,Samsung Televisions Product,CATEGORY_004,BRAND_001,55828.82
PRODUCT_000000373,Adidas Books Product,CATEGORY_009,BRAND_010,1253.40
PRODUCT_000000374,Dell Televisions Product,CATEGORY_004,BRAND_006,194612.79
PRODUCT_000000375,Adidas Footwear Product,CATEGORY_007,BRAND_010,2168.98
PRODUCT_000000376,Apple Books Product,CATEGORY_009,BRAND_002,1235.61
PRODUCT_000000377,Sony Footwear Product,CATEGORY_007,BRAND_004,11772.95
PRODUCT_000000378,HP Groceries Product,CATEGORY_010,BRAND_007,253.91
PRODUCT_000000379,Dell Books Product,CATEGORY_009,BRAND_006,788.70
PRODUCT_000000380,Apple Groceries Product,CATEGORY_010,BRAND_002,2099.88
PRODUCT_000000381,Nike Laptops Product,CATEGORY_003,BRAND_009,80434.33
PRODUCT_000000382,LG Home Appliances Product,CATEGORY_005,BRAND_003,36449.53
PRODUCT_000000383,HP Fashion Product,CATEGORY_006,BRAND_007,1933.39
PRODUCT_000000384,LG Books Product,CATEGORY_009,BRAND_003,1879.95
PRODUCT_000000385,Samsung Fashion Product,CATEGORY_006,BRAND_001,2562.52
PRODUCT_000000386,Adidas Beauty Product,CATEGORY_008,BRAND_010,7104.14
PRODUCT_000000387,OnePlus Electronics Product,CATEGORY_001,BRAND_005,22127.64
PRODUCT_000000388,HP Home Appliances Product,CATEGORY_005,BRAND_007,16147.61
PRODUCT_000000389,HP Mobiles Product,CATEGORY_002,BRAND_007,71784.35
PRODUCT_000000390,Dell Mobiles Product,CATEGORY_002,BRAND_006,36528.52
PRODUCT_000000391,Lenovo Footwear Product,CATEGORY_007,BRAND_008,21049.94
PRODUCT_000000392,LG Laptops Product,CATEGORY_003,BRAND_003,38277.40
PRODUCT_000000393,Sony Beauty Product,CATEGORY_008,BRAND_004,2674.57
PRODUCT_000000394,Dell Groceries Product,CATEGORY_010,BRAND_006,1417.36
PRODUCT_000000395,Dell Groceries Product,CATEGORY_010,BRAND_006,606.04
PRODUCT_000000396,HP Mobiles Product,CATEGORY_002,BRAND_007,32148.93
PRODUCT_000000397,Sony Groceries Product,CATEGORY_010,BRAND_004,2067.45
PRODUCT_000000398,OnePlus Fashion Product,CATEGORY_006,BRAND_005,5027.03
PRODUCT_000000399,Adidas Beauty Product,CATEGORY_008,BRAND_010,1168.76
PRODUCT_000000400,Nike Electronics Product,CATEGORY_001,BRAND_009,50864.82
PRODUCT_000000401,Dell Groceries Product,CATEGORY_010,BRAND_006,1258.44
PRODUCT_000000402,Sony Home Appliances Product,CATEGORY_005,BRAND_004,51496.58
PRODUCT_000000403,Adidas Groceries Product,CATEGORY_010,BRAND_010,1868.76
PRODUCT_000000404,OnePlus Beauty Product,CATEGORY_008,BRAND_005,2884.96
PRODUCT_000000405,Nike Fashion Product,CATEGORY_006,BRAND_009,6190.14
PRODUCT_000000406,Samsung Televisions Product,CATEGORY_004,BRAND_001,130798.44
PRODUCT_000000407,OnePlus Televisions Product,CATEGORY_004,BRAND_005,71009.01
PRODUCT_000000408,OnePlus Groceries Product,CATEGORY_010,BRAND_005,291.08
PRODUCT_000000409,LG Home Appliances Product,CATEGORY_005,BRAND_003,20583.82
PRODUCT_000000410,Samsung Beauty Product,CATEGORY_008,BRAND_001,6005.71
PRODUCT_000000411,LG Groceries Product,CATEGORY_010,BRAND_003,261.77
PRODUCT_000000412,Apple Mobiles Product,CATEGORY_002,BRAND_002,65524.59
PRODUCT_000000413,Dell Groceries Product,CATEGORY_010,BRAND_006,782.86
PRODUCT_000000414,Samsung Televisions Product,CATEGORY_004,BRAND_001,57878.53
PRODUCT_000000415,Nike Laptops Product,CATEGORY_003,BRAND_009,77825.19
PRODUCT_000000416,Sony Groceries Product,CATEGORY_010,BRAND_004,2364.84
PRODUCT_000000417,OnePlus Groceries Product,CATEGORY_010,BRAND_005,2286.08
PRODUCT_000000418,Dell Groceries Product,CATEGORY_010,BRAND_006,3679.29
PRODUCT_000000419,Lenovo Groceries Product,CATEGORY_010,BRAND_008,1633.27
PRODUCT_000000420,LG Electronics Product,CATEGORY_001,BRAND_003,33996.43
PRODUCT_000000421,Apple Home Appliances Product,CATEGORY_005,BRAND_002,26929.93
PRODUCT_000000422,Sony Electronics Product,CATEGORY_001,BRAND_004,76372.72
PRODUCT_000000423,HP Fashion Product,CATEGORY_006,BRAND_007,2075.71
PRODUCT_000000424,Lenovo Electronics Product,CATEGORY_001,BRAND_008,6433.07
PRODUCT_000000425,OnePlus Fashion Product,CATEGORY_006,BRAND_005,3973.74
PRODUCT_000000426,Nike Mobiles Product,CATEGORY_002,BRAND_009,14178.77
PRODUCT_000000427,LG Books Product,CATEGORY_009,BRAND_003,820.10
PRODUCT_000000428,Adidas Televisions Product,CATEGORY_004,BRAND_010,180920.89
PRODUCT_000000429,HP Mobiles Product,CATEGORY_002,BRAND_007,54612.57
PRODUCT_000000430,Apple Mobiles Product,CATEGORY_002,BRAND_002,56850.26
PRODUCT_000000431,Dell Mobiles Product,CATEGORY_002,BRAND_006,28619.97
PRODUCT_000000432,Sony Electronics Product,CATEGORY_001,BRAND_004,67458.36
PRODUCT_000000433,Sony Beauty Product,CATEGORY_008,BRAND_004,3121.66
PRODUCT_000000434,Samsung Groceries Product,CATEGORY_010,BRAND_001,1900.67
PRODUCT_000000435,Sony Home Appliances Product,CATEGORY_005,BRAND_004,66739.12
PRODUCT_000000436,Apple Mobiles Product,CATEGORY_002,BRAND_002,39362.73
PRODUCT_000000437,Dell Fashion Product,CATEGORY_006,BRAND_006,5692.44
PRODUCT_000000438,Sony Mobiles Product,CATEGORY_002,BRAND_004,40311.65
PRODUCT_000000439,Adidas Mobiles Product,CATEGORY_002,BRAND_010,72153.89
PRODUCT_000000440,Apple Footwear Product,CATEGORY_007,BRAND_002,4395.21
PRODUCT_000000441,Lenovo Mobiles Product,CATEGORY_002,BRAND_008,38509.69
PRODUCT_000000442,Sony Laptops Product,CATEGORY_003,BRAND_004,50728.25
PRODUCT_000000443,Lenovo Fashion Product,CATEGORY_006,BRAND_008,1322.46
PRODUCT_000000444,Lenovo Fashion Product,CATEGORY_006,BRAND_008,3373.26
PRODUCT_000000445,Lenovo Groceries Product,CATEGORY_010,BRAND_008,957.74
PRODUCT_000000446,Lenovo Footwear Product,CATEGORY_007,BRAND_008,2878.87
PRODUCT_000000447,Samsung Fashion Product,CATEGORY_006,BRAND_001,5903.88
PRODUCT_000000448,Apple Mobiles Product,CATEGORY_002,BRAND_002,30757.35
PRODUCT_000000449,Sony Beauty Product,CATEGORY_008,BRAND_004,10447.59
PRODUCT_000000450,HP Mobiles Product,CATEGORY_002,BRAND_007,137048.55
PRODUCT_000000451,Apple Groceries Product,CATEGORY_010,BRAND_002,557.23
PRODUCT_000000452,LG Mobiles Product,CATEGORY_002,BRAND_003,66502.26
PRODUCT_000000453,LG Televisions Product,CATEGORY_004,BRAND_003,179948.29
PRODUCT_000000454,Adidas Fashion Product,CATEGORY_006,BRAND_010,1504.58
PRODUCT_000000455,Samsung Fashion Product,CATEGORY_006,BRAND_001,5380.81
PRODUCT_000000456,Apple Footwear Product,CATEGORY_007,BRAND_002,5850.98
PRODUCT_000000457,Lenovo Electronics Product,CATEGORY_001,BRAND_008,20677.50
PRODUCT_000000458,Adidas Mobiles Product,CATEGORY_002,BRAND_010,38414.84
PRODUCT_000000459,Nike Beauty Product,CATEGORY_008,BRAND_009,5188.95
PRODUCT_000000460,Lenovo Electronics Product,CATEGORY_001,BRAND_008,49238.06
PRODUCT_000000461,Apple Home Appliances Product,CATEGORY_005,BRAND_002,66176.77
PRODUCT_000000462,LG Laptops Product,CATEGORY_003,BRAND_003,87564.19
PRODUCT_000000463,Samsung Fashion Product,CATEGORY_006,BRAND_001,1804.78
PRODUCT_000000464,Dell Home Appliances Product,CATEGORY_005,BRAND_006,46076.82
PRODUCT_000000465,Adidas Electronics Product,CATEGORY_001,BRAND_010,27686.57
PRODUCT_000000466,Nike Fashion Product,CATEGORY_006,BRAND_009,7087.91
PRODUCT_000000467,OnePlus Mobiles Product,CATEGORY_002,BRAND_005,89885.32
PRODUCT_000000468,OnePlus Footwear Product,CATEGORY_007,BRAND_005,11339.62
PRODUCT_000000469,HP Beauty Product,CATEGORY_008,BRAND_007,4611.19
PRODUCT_000000470,LG Groceries Product,CATEGORY_010,BRAND_003,1763.05
PRODUCT_000000471,OnePlus Footwear Product,CATEGORY_007,BRAND_005,26176.74
PRODUCT_000000472,Lenovo Beauty Product,CATEGORY_008,BRAND_008,2444.82
PRODUCT_000000473,Sony Televisions Product,CATEGORY_004,BRAND_004,10475.93
PRODUCT_000000474,Nike Books Product,CATEGORY_009,BRAND_009,690.90
PRODUCT_000000475,HP Electronics Product,CATEGORY_001,BRAND_007,60287.81
PRODUCT_000000476,Apple Mobiles Product,CATEGORY_002,BRAND_002,65466.46
PRODUCT_000000477,HP Home Appliances Product,CATEGORY_005,BRAND_007,130157.67
PRODUCT_000000478,Sony Footwear Product,CATEGORY_007,BRAND_004,5870.96
PRODUCT_000000479,HP Groceries Product,CATEGORY_010,BRAND_007,436.69
PRODUCT_000000480,Samsung Beauty Product,CATEGORY_008,BRAND_001,4616.48
PRODUCT_000000481,Nike Books Product,CATEGORY_009,BRAND_009,242.93
PRODUCT_000000482,Lenovo Groceries Product,CATEGORY_010,BRAND_008,1961.27
PRODUCT_000000483,LG Fashion Product,CATEGORY_006,BRAND_003,11174.40
PRODUCT_000000484,Lenovo Televisions Product,CATEGORY_004,BRAND_008,54819.53
PRODUCT_000000485,Sony Mobiles Product,CATEGORY_002,BRAND_004,123226.74
PRODUCT_000000486,Nike Groceries Product,CATEGORY_010,BRAND_009,411.42
PRODUCT_000000487,Nike Televisions Product,CATEGORY_004,BRAND_009,62096.00
PRODUCT_000000488,Adidas Footwear Product,CATEGORY_007,BRAND_010,7299.35
PRODUCT_000000489,Nike Televisions Product,CATEGORY_004,BRAND_009,65761.05
PRODUCT_000000490,Nike Footwear Product,CATEGORY_007,BRAND_009,5004.64
PRODUCT_000000491,LG Televisions Product,CATEGORY_004,BRAND_003,116914.83
PRODUCT_000000492,Apple Beauty Product,CATEGORY_008,BRAND_002,1512.08
PRODUCT_000000493,Dell Beauty Product,CATEGORY_008,BRAND_006,1452.96
PRODUCT_000000494,Sony Books Product,CATEGORY_009,BRAND_004,535.49
PRODUCT_000000495,Apple Electronics Product,CATEGORY_001,BRAND_002,111322.66
PRODUCT_000000496,LG Books Product,CATEGORY_009,BRAND_003,970.45
PRODUCT_000000497,Dell Mobiles Product,CATEGORY_002,BRAND_006,86756.62
PRODUCT_000000498,Adidas Books Product,CATEGORY_009,BRAND_010,2542.71
PRODUCT_000000499,HP Electronics Product,CATEGORY_001,BRAND_007,22717.74
PRODUCT_000000500,OnePlus Laptops Product,CATEGORY_003,BRAND_005,66111.23
